trial,testing,parameters,initial_deadline,final_deadline,net_reward,actions,success
1,False,"{'a': 0.5, 'e': 0.988036}",20,0,-81.33919835191334,"{0: 14, 1: 0, 2: 5, 3: 0, 4: 1}",0
2,False,"{'a': 0.5, 'e': 0.982107784}",30,0,-80.48106218408716,"{0: 23, 1: 0, 2: 5, 3: 1, 4: 1}",0
3,False,"{'a': 0.5, 'e': 0.976215137296}",30,0,-168.60470770183207,"{0: 15, 1: 5, 2: 8, 3: 0, 4: 2}",0
4,False,"{'a': 0.5, 'e': 0.970357846472224}",20,0,-212.913712951413,"{0: 10, 1: 1, 2: 4, 3: 1, 4: 4}",0
5,False,"{'a': 0.5, 'e': 0.9645356993933907}",20,0,-138.0565195023912,"{0: 11, 1: 2, 2: 4, 3: 1, 4: 2}",0
6,False,"{'a': 0.5, 'e': 0.9587484851970303}",25,0,-134.89001301502373,"{0: 14, 1: 4, 2: 5, 3: 0, 4: 2}",0
7,False,"{'a': 0.5, 'e': 0.9529959942858481}",20,0,-113.14269447890365,"{0: 12, 1: 4, 2: 1, 3: 1, 4: 2}",0
8,False,"{'a': 0.5, 'e': 0.947278018320133}",20,0,-110.91293636841122,"{0: 11, 1: 3, 2: 3, 3: 2, 4: 1}",0
9,False,"{'a': 0.5, 'e': 0.9415943502102122}",20,0,-81.43407152574888,"{0: 15, 1: 0, 2: 2, 3: 2, 4: 1}",0
10,False,"{'a': 0.5, 'e': 0.9359447841089509}",20,0,-167.0292132456604,"{0: 11, 1: 1, 2: 3, 3: 3, 4: 2}",0
11,False,"{'a': 0.5, 'e': 0.9303291154042972}",20,0,-99.38078662997216,"{0: 14, 1: 1, 2: 3, 3: 0, 4: 2}",0
12,False,"{'a': 0.5, 'e': 0.9247471407118715}",25,0,-118.75533178676068,"{0: 19, 1: 0, 2: 2, 3: 2, 4: 2}",0
13,False,"{'a': 0.5, 'e': 0.9191986578676001}",25,11,-84.90172935642448,"{0: 10, 1: 0, 2: 2, 3: 0, 4: 2}",1
14,False,"{'a': 0.5, 'e': 0.9136834659203946}",30,0,-228.80536642894904,"{0: 14, 1: 6, 2: 5, 3: 2, 4: 3}",0
15,False,"{'a': 0.5, 'e': 0.9082013651248723}",30,0,-204.67128422949708,"{0: 17, 1: 3, 2: 5, 3: 2, 4: 3}",0
16,False,"{'a': 0.5, 'e': 0.9027521569341229}",20,0,-104.14600665235805,"{0: 10, 1: 1, 2: 7, 3: 2, 4: 0}",0
17,False,"{'a': 0.5, 'e': 0.8973356439925182}",20,0,-97.53537401766603,"{0: 13, 1: 3, 2: 2, 3: 0, 4: 2}",0
18,False,"{'a': 0.5, 'e': 0.8919516301285632}",20,8,-43.28508649918596,"{0: 6, 1: 2, 2: 4, 3: 0, 4: 0}",1
19,False,"{'a': 0.5, 'e': 0.8865999203477918}",25,0,-128.74210151147207,"{0: 16, 1: 0, 2: 7, 3: 0, 4: 2}",0
20,False,"{'a': 0.5, 'e': 0.881280320825705}",20,0,-79.44175394513509,"{0: 13, 1: 2, 2: 2, 3: 3, 4: 0}",0
21,False,"{'a': 0.5, 'e': 0.8759926389007507}",25,0,-157.42439722125118,"{0: 15, 1: 3, 2: 4, 3: 0, 4: 3}",0
22,False,"{'a': 0.5, 'e': 0.8707366830673462}",20,0,-168.43627561916549,"{0: 11, 1: 2, 2: 3, 3: 1, 4: 3}",0
23,False,"{'a': 0.5, 'e': 0.8655122629689421}",20,0,-59.062208293028704,"{0: 12, 1: 1, 2: 7, 3: 0, 4: 0}",0
24,False,"{'a': 0.5, 'e': 0.8603191893911285}",20,0,-27.24230977433067,"{0: 16, 1: 1, 2: 2, 3: 1, 4: 0}",0
25,False,"{'a': 0.5, 'e': 0.8551572742547817}",20,0,-40.91313813088668,"{0: 13, 1: 2, 2: 5, 3: 0, 4: 0}",0
26,False,"{'a': 0.5, 'e': 0.850026330609253}",20,0,-101.85223781705938,"{0: 14, 1: 1, 2: 3, 3: 0, 4: 2}",0
27,False,"{'a': 0.5, 'e': 0.8449261726255975}",20,0,-38.735791005989284,"{0: 14, 1: 0, 2: 6, 3: 0, 4: 0}",0
28,False,"{'a': 0.5, 'e': 0.8398566155898439}",20,0,-23.63196218801691,"{0: 15, 1: 2, 2: 3, 3: 0, 4: 0}",0
29,False,"{'a': 0.5, 'e': 0.8348174758963048}",20,0,-12.987176757887093,"{0: 16, 1: 1, 2: 3, 3: 0, 4: 0}",0
30,False,"{'a': 0.5, 'e': 0.829808571040927}",20,2,-94.53360937462644,"{0: 9, 1: 2, 2: 6, 3: 0, 4: 1}",1
31,False,"{'a': 0.5, 'e': 0.8248297196146814}",30,21,5.417110106219102,"{0: 8, 1: 0, 2: 1, 3: 0, 4: 0}",1
32,False,"{'a': 0.5, 'e': 0.8198807412969933}",30,4,-195.45320911037015,"{0: 17, 1: 2, 2: 1, 3: 2, 4: 4}",1
33,False,"{'a': 0.5, 'e': 0.8149614568492114}",30,0,-72.14577010381755,"{0: 25, 1: 1, 2: 2, 3: 0, 4: 2}",0
34,False,"{'a': 0.5, 'e': 0.8100716881081161}",20,0,-50.888501873648785,"{0: 13, 1: 0, 2: 7, 3: 0, 4: 0}",0
35,False,"{'a': 0.5, 'e': 0.8052112579794675}",20,0,-65.51078835372196,"{0: 14, 1: 1, 2: 4, 3: 0, 4: 1}",0
36,False,"{'a': 0.5, 'e': 0.8003799904315906}",25,0,-27.76458919389286,"{0: 19, 1: 2, 2: 4, 3: 0, 4: 0}",0
37,False,"{'a': 0.5, 'e': 0.795577710489001}",25,0,-105.40667827855744,"{0: 14, 1: 4, 2: 6, 3: 0, 4: 1}",0
38,False,"{'a': 0.5, 'e': 0.790804244226067}",20,10,-51.852984485032906,"{0: 7, 1: 0, 2: 2, 3: 0, 4: 1}",1
39,False,"{'a': 0.5, 'e': 0.7860594187607106}",30,14,-91.44142980457471,"{0: 11, 1: 0, 2: 3, 3: 0, 4: 2}",1
40,False,"{'a': 0.5, 'e': 0.7813430622481463}",20,0,-124.64809140840302,"{0: 13, 1: 0, 2: 4, 3: 1, 4: 2}",0
41,False,"{'a': 0.5, 'e': 0.7766550038746575}",20,10,-74.64076653495147,"{0: 5, 1: 0, 2: 4, 3: 0, 4: 1}",1
42,False,"{'a': 0.5, 'e': 0.7719950738514095}",20,0,-109.7204525128242,"{0: 14, 1: 1, 2: 2, 3: 1, 4: 2}",0
43,False,"{'a': 0.5, 'e': 0.767363103408301}",35,0,-65.48130182636513,"{0: 27, 1: 2, 2: 5, 3: 0, 4: 1}",0
44,False,"{'a': 0.5, 'e': 0.7627589247878512}",30,0,-149.47424380387943,"{0: 18, 1: 3, 2: 6, 3: 1, 4: 2}",0
45,False,"{'a': 0.5, 'e': 0.7581823712391241}",20,15,2.7606788940275235,"{0: 4, 1: 1, 2: 0, 3: 0, 4: 0}",1
46,False,"{'a': 0.5, 'e': 0.7536332770116894}",25,0,-76.42535953643373,"{0: 17, 1: 1, 2: 6, 3: 0, 4: 1}",0
47,False,"{'a': 0.5, 'e': 0.7491114773496192}",25,0,-95.47375153599236,"{0: 17, 1: 2, 2: 3, 3: 2, 4: 1}",0
48,False,"{'a': 0.5, 'e': 0.7446168084855216}",20,10,-34.53774222650718,"{0: 8, 1: 1, 2: 0, 3: 0, 4: 1}",1
49,False,"{'a': 0.5, 'e': 0.7401491076346084}",20,0,-128.21481893770317,"{0: 11, 1: 2, 2: 5, 3: 0, 4: 2}",0
50,False,"{'a': 0.5, 'e': 0.7357082129888007}",25,3,-64.321308699603,"{0: 14, 1: 1, 2: 6, 3: 1, 4: 0}",1
51,False,"{'a': 0.5, 'e': 0.731293963710868}",20,0,-96.83631524439166,"{0: 14, 1: 1, 2: 3, 3: 0, 4: 2}",0
52,False,"{'a': 0.5, 'e': 0.7269061999286027}",25,0,-134.2863777486131,"{0: 15, 1: 2, 2: 4, 3: 3, 4: 1}",0
53,False,"{'a': 0.5, 'e': 0.7225447627290311}",25,0,-78.2245787468153,"{0: 16, 1: 1, 2: 7, 3: 1, 4: 0}",0
54,False,"{'a': 0.5, 'e': 0.7182094941526569}",25,0,-91.62948091845948,"{0: 16, 1: 1, 2: 7, 3: 0, 4: 1}",0
55,False,"{'a': 0.5, 'e': 0.713900237187741}",20,0,-57.754024355990495,"{0: 16, 1: 0, 2: 2, 3: 1, 4: 1}",1
56,False,"{'a': 0.5, 'e': 0.7096168357646145}",20,0,-76.8502002948737,"{0: 16, 1: 1, 2: 1, 3: 0, 4: 2}",0
57,False,"{'a': 0.5, 'e': 0.7053591347500269}",25,4,-130.44258411190629,"{0: 13, 1: 1, 2: 4, 3: 1, 4: 2}",1
58,False,"{'a': 0.5, 'e': 0.7011269799415267}",20,0,16.10598936303109,"{0: 19, 1: 0, 2: 1, 3: 0, 4: 0}",0
59,False,"{'a': 0.5, 'e': 0.6969202180618775}",25,0,-63.15329777252218,"{0: 16, 1: 1, 2: 8, 3: 0, 4: 0}",0
60,False,"{'a': 0.5, 'e': 0.6927386967535062}",25,1,-100.95763473841349,"{0: 14, 1: 5, 2: 3, 3: 1, 4: 1}",1
61,False,"{'a': 0.5, 'e': 0.6885822645729852}",20,0,4.664733873433432,"{0: 16, 1: 3, 2: 1, 3: 0, 4: 0}",0
62,False,"{'a': 0.5, 'e': 0.6844507709855473}",25,19,2.9753436784735374,"{0: 5, 1: 1, 2: 0, 3: 0, 4: 0}",1
63,False,"{'a': 0.5, 'e': 0.680344066359634}",20,6,-86.50717018765536,"{0: 10, 1: 0, 2: 2, 3: 0, 4: 2}",1
64,False,"{'a': 0.5, 'e': 0.6762620019614762}",20,0,-31.912095089437955,"{0: 16, 1: 2, 2: 1, 3: 0, 4: 1}",0
65,False,"{'a': 0.5, 'e': 0.6722044299497073}",20,0,-55.7295247425852,"{0: 15, 1: 2, 2: 2, 3: 0, 4: 1}",0
66,False,"{'a': 0.5, 'e': 0.6681712033700091}",20,0,-109.96139049173895,"{0: 13, 1: 0, 2: 5, 3: 0, 4: 2}",0
67,False,"{'a': 0.5, 'e': 0.664162176149789}",20,5,-0.7069023375378887,"{0: 13, 1: 0, 2: 2, 3: 0, 4: 0}",1
68,False,"{'a': 0.5, 'e': 0.6601772030928903}",20,0,-51.09150018144506,"{0: 13, 1: 2, 2: 4, 3: 1, 4: 0}",0
69,False,"{'a': 0.5, 'e': 0.6562161398743329}",20,1,-31.36259956062734,"{0: 14, 1: 1, 2: 4, 3: 0, 4: 0}",1
70,False,"{'a': 0.5, 'e': 0.652278843035087}",25,13,-42.72854510471935,"{0: 9, 1: 0, 2: 2, 3: 0, 4: 1}",1
71,False,"{'a': 0.5, 'e': 0.6483651699768764}",20,12,-31.93752932469954,"{0: 6, 1: 1, 2: 0, 3: 0, 4: 1}",1
72,False,"{'a': 0.5, 'e': 0.6444749789570151}",25,0,-88.53729879716084,"{0: 15, 1: 2, 2: 6, 3: 2, 4: 0}",0
73,False,"{'a': 0.5, 'e': 0.640608129083273}",20,0,-84.49489321917174,"{0: 15, 1: 1, 2: 2, 3: 0, 4: 2}",0
74,False,"{'a': 0.5, 'e': 0.6367644803087734}",20,0,-132.0932029047785,"{0: 11, 1: 2, 2: 4, 3: 1, 4: 2}",0
75,False,"{'a': 0.5, 'e': 0.6329438934269208}",25,0,-83.25762935616658,"{0: 21, 1: 0, 2: 1, 3: 1, 4: 2}",0
76,False,"{'a': 0.5, 'e': 0.6291462300663593}",30,15,-61.966399756082104,"{0: 9, 1: 2, 2: 3, 3: 0, 4: 1}",1
77,False,"{'a': 0.5, 'e': 0.6253713526859611}",35,14,-111.75874765897562,"{0: 16, 1: 0, 2: 2, 3: 0, 4: 3}",1
78,False,"{'a': 0.5, 'e': 0.6216191245698454}",20,0,-59.26786671409759,"{0: 17, 1: 0, 2: 1, 3: 0, 4: 2}",0
79,False,"{'a': 0.5, 'e': 0.6178894098224262}",30,0,-46.35859078940488,"{0: 23, 1: 2, 2: 3, 3: 2, 4: 0}",0
80,False,"{'a': 0.5, 'e': 0.6141820733634917}",30,17,-54.63687694565937,"{0: 9, 1: 0, 2: 3, 3: 0, 4: 1}",1
81,False,"{'a': 0.5, 'e': 0.6104969809233107}",20,0,-11.666003609726545,"{0: 15, 1: 3, 2: 2, 3: 0, 4: 0}",0
82,False,"{'a': 0.5, 'e': 0.6068339990377709}",20,0,-32.9102093824369,"{0: 14, 1: 1, 2: 5, 3: 0, 4: 0}",0
83,False,"{'a': 0.5, 'e': 0.6031929950435442}",30,0,-132.70537288044193,"{0: 24, 1: 0, 2: 2, 3: 1, 4: 3}",0
84,False,"{'a': 0.5, 'e': 0.5995738370732829}",20,0,-68.69846866325157,"{0: 14, 1: 1, 2: 3, 3: 1, 4: 1}",0
85,False,"{'a': 0.5, 'e': 0.5959763940508432}",20,0,-39.216819538745256,"{0: 15, 1: 0, 2: 4, 3: 1, 4: 0}",0
86,False,"{'a': 0.5, 'e': 0.5924005356865382}",30,9,-82.89701960399618,"{0: 13, 1: 3, 2: 3, 3: 1, 4: 1}",1
87,False,"{'a': 0.5, 'e': 0.588846132472419}",20,7,-36.306291990452074,"{0: 7, 1: 4, 2: 1, 3: 1, 4: 0}",1
88,False,"{'a': 0.5, 'e': 0.5853130556775844}",25,16,9.741324867190611,"{0: 8, 1: 1, 2: 0, 3: 0, 4: 0}",1
89,False,"{'a': 0.5, 'e': 0.581801177343519}",25,5,-48.577013414731695,"{0: 17, 1: 0, 2: 1, 3: 1, 4: 1}",1
90,False,"{'a': 0.5, 'e': 0.5783103702794579}",20,0,-10.366418986882916,"{0: 16, 1: 2, 2: 2, 3: 0, 4: 0}",0
91,False,"{'a': 0.5, 'e': 0.5748405080577811}",30,3,-20.156356956518177,"{0: 21, 1: 1, 2: 5, 3: 0, 4: 0}",1
92,False,"{'a': 0.5, 'e': 0.5713914650094344}",20,0,-57.79543682160004,"{0: 16, 1: 0, 2: 2, 3: 1, 4: 1}",0
93,False,"{'a': 0.5, 'e': 0.5679631162193778}",20,0,-99.87417415948411,"{0: 14, 1: 0, 2: 4, 3: 0, 4: 2}",0
94,False,"{'a': 0.5, 'e': 0.5645553375220616}",25,0,-45.699955593928934,"{0: 20, 1: 2, 2: 2, 3: 0, 4: 1}",0
95,False,"{'a': 0.5, 'e': 0.5611680054969291}",20,0,-17.479266845181794,"{0: 16, 1: 2, 2: 2, 3: 0, 4: 0}",0
96,False,"{'a': 0.5, 'e': 0.5578009974639475}",35,6,27.54666898463747,"{0: 27, 1: 1, 2: 1, 3: 0, 4: 0}",1
97,False,"{'a': 0.5, 'e': 0.5544541914791639}",20,8,-2.2984991953049234,"{0: 10, 1: 0, 2: 2, 3: 0, 4: 0}",1
98,False,"{'a': 0.5, 'e': 0.5511274663302889}",25,0,-105.9038000473079,"{0: 18, 1: 0, 2: 3, 3: 3, 4: 1}",0
99,False,"{'a': 0.5, 'e': 0.5478207015323071}",20,9,8.889067738329254,"{0: 10, 1: 1, 2: 0, 3: 0, 4: 0}",1
100,False,"{'a': 0.5, 'e': 0.5445337773231133}",20,0,-38.02126040211811,"{0: 16, 1: 3, 2: 0, 3: 0, 4: 1}",0
101,False,"{'a': 0.5, 'e': 0.5412665746591746}",20,0,0.46394245982427873,"{0: 18, 1: 0, 2: 2, 3: 0, 4: 0}",0
102,False,"{'a': 0.5, 'e': 0.5380189752112196}",20,0,-33.74022616893386,"{0: 16, 1: 2, 2: 1, 3: 0, 4: 1}",0
103,False,"{'a': 0.5, 'e': 0.5347908613599522}",25,0,-7.329983819395915,"{0: 21, 1: 0, 2: 4, 3: 0, 4: 0}",0
104,False,"{'a': 0.5, 'e': 0.5315821161917925}",30,3,-27.659931433863736,"{0: 23, 1: 2, 2: 1, 3: 0, 4: 1}",1
105,False,"{'a': 0.5, 'e': 0.5283926234946418}",25,11,-28.822692736361567,"{0: 12, 1: 0, 2: 1, 3: 0, 4: 1}",1
106,False,"{'a': 0.5, 'e': 0.5252222677536739}",25,7,-23.786412500030586,"{0: 16, 1: 1, 2: 0, 3: 0, 4: 1}",1
107,False,"{'a': 0.5, 'e': 0.5220709341471519}",20,7,16.82304008986333,"{0: 12, 1: 1, 2: 0, 3: 0, 4: 0}",1
108,False,"{'a': 0.5, 'e': 0.518938508542269}",20,14,-20.26854115108187,"{0: 4, 1: 0, 2: 1, 3: 1, 4: 0}",1
109,False,"{'a': 0.5, 'e': 0.5158248774910154}",25,0,-80.97741391671919,"{0: 20, 1: 1, 2: 1, 3: 1, 4: 2}",0
110,False,"{'a': 0.5, 'e': 0.5127299282260692}",30,2,-41.791240063262045,"{0: 23, 1: 1, 2: 3, 3: 0, 4: 1}",1
111,False,"{'a': 0.5, 'e': 0.5096535486567129}",20,11,-38.28558576571614,"{0: 7, 1: 0, 2: 1, 3: 0, 4: 1}",1
112,False,"{'a': 0.5, 'e': 0.5065956273647726}",20,5,6.504627298373091,"{0: 13, 1: 1, 2: 1, 3: 0, 4: 0}",1
113,False,"{'a': 0.5, 'e': 0.5035560536005839}",20,6,-30.196433477988823,"{0: 12, 1: 0, 2: 1, 3: 0, 4: 1}",1
114,False,"{'a': 0.5, 'e': 0.5005347172789804}",30,7,-44.84483132929959,"{0: 19, 1: 0, 2: 3, 3: 0, 4: 1}",1
115,False,"{'a': 0.5, 'e': 0.4975315089753065}",25,20,9.835888677995676,"{0: 5, 1: 0, 2: 0, 3: 0, 4: 0}",1
116,False,"{'a': 0.5, 'e': 0.4945463199214547}",20,3,4.201588157557693,"{0: 15, 1: 0, 2: 2, 3: 0, 4: 0}",1
117,False,"{'a': 0.5, 'e': 0.4915790420019259}",20,6,-16.09465353051531,"{0: 13, 1: 0, 2: 0, 3: 0, 4: 1}",1
118,False,"{'a': 0.5, 'e': 0.4886295677499144}",25,0,-29.984185876050784,"{0: 22, 1: 0, 2: 2, 3: 0, 4: 1}",0
119,False,"{'a': 0.5, 'e': 0.48569779034341487}",20,0,7.96546017812866,"{0: 18, 1: 0, 2: 2, 3: 0, 4: 0}",0
120,False,"{'a': 0.5, 'e': 0.4827836036013544}",30,0,-24.40136658665547,"{0: 24, 1: 1, 2: 5, 3: 0, 4: 0}",0
121,False,"{'a': 0.5, 'e': 0.47988690197974626}",20,0,-7.582329692750439,"{0: 17, 1: 1, 2: 1, 3: 1, 4: 0}",0
122,False,"{'a': 0.5, 'e': 0.4770075805678678}",30,18,-83.68950951906669,"{0: 6, 1: 0, 2: 5, 3: 0, 4: 1}",1
123,False,"{'a': 0.5, 'e': 0.4741455350844606}",25,8,-8.595695711807984,"{0: 13, 1: 1, 2: 3, 3: 0, 4: 0}",1
124,False,"{'a': 0.5, 'e': 0.4713006618739538}",25,9,10.224056596672789,"{0: 14, 1: 1, 2: 1, 3: 0, 4: 0}",1
125,False,"{'a': 0.5, 'e': 0.4684728579027101}",25,6,-63.175322409141394,"{0: 12, 1: 1, 2: 4, 3: 2, 4: 0}",1
126,False,"{'a': 0.5, 'e': 0.46566202075529384}",25,4,-38.94865711571087,"{0: 17, 1: 2, 2: 1, 3: 0, 4: 1}",1
127,False,"{'a': 0.5, 'e': 0.4628680486307621}",25,16,-29.355440055424836,"{0: 8, 1: 0, 2: 0, 3: 0, 4: 1}",1
128,False,"{'a': 0.5, 'e': 0.4600908403389775}",25,1,13.82116984694881,"{0: 21, 1: 2, 2: 1, 3: 0, 4: 0}",1
129,False,"{'a': 0.5, 'e': 0.45733029529694363}",25,18,12.386195588628183,"{0: 7, 1: 0, 2: 0, 3: 0, 4: 0}",1
130,False,"{'a': 0.5, 'e': 0.45458631352516193}",35,16,20.801230332747004,"{0: 17, 1: 1, 2: 1, 3: 0, 4: 0}",1
131,False,"{'a': 0.5, 'e': 0.451858795644011}",25,14,-0.6404548511909143,"{0: 9, 1: 0, 2: 2, 3: 0, 4: 0}",1
132,False,"{'a': 0.5, 'e': 0.4491476428701469}",20,11,9.734025799731084,"{0: 8, 1: 1, 2: 0, 3: 0, 4: 0}",1
133,False,"{'a': 0.5, 'e': 0.446452757012926}",25,17,7.015575283727838,"{0: 7, 1: 1, 2: 0, 3: 0, 4: 0}",1
134,False,"{'a': 0.5, 'e': 0.44377404047084845}",20,12,7.326734939109688,"{0: 7, 1: 1, 2: 0, 3: 0, 4: 0}",1
135,False,"{'a': 0.5, 'e': 0.44111139622802337}",20,0,-89.15218222006547,"{0: 15, 1: 0, 2: 3, 3: 0, 4: 2}",0
136,False,"{'a': 0.5, 'e': 0.4384647278506552}",25,7,-22.380297813641764,"{0: 16, 1: 0, 2: 1, 3: 0, 4: 1}",1
137,False,"{'a': 0.5, 'e': 0.4358339394835513}",25,7,-33.46760437672015,"{0: 12, 1: 3, 2: 2, 3: 1, 4: 0}",1
138,False,"{'a': 0.5, 'e': 0.43321893584665}",30,0,30.76981284193229,"{0: 29, 1: 0, 2: 1, 3: 0, 4: 0}",1
139,False,"{'a': 0.5, 'e': 0.4306196222315701}",25,14,12.95965127238594,"{0: 10, 1: 1, 2: 0, 3: 0, 4: 0}",1
140,False,"{'a': 0.5, 'e': 0.4280359044981807}",30,2,-95.92083102206101,"{0: 22, 1: 0, 2: 3, 3: 1, 4: 2}",1
141,False,"{'a': 0.5, 'e': 0.4254676890711916}",25,10,-138.65524455953408,"{0: 9, 1: 0, 2: 3, 3: 0, 4: 3}",1
142,False,"{'a': 0.5, 'e': 0.42291488293676444}",20,5,-7.0163555025402005,"{0: 12, 1: 1, 2: 2, 3: 0, 4: 0}",1
143,False,"{'a': 0.5, 'e': 0.42037739363914384}",20,7,-19.481229644283456,"{0: 12, 1: 0, 2: 0, 3: 0, 4: 1}",1
144,False,"{'a': 0.5, 'e': 0.417855129277309}",25,8,-18.644670181099645,"{0: 13, 1: 0, 2: 4, 3: 0, 4: 0}",1
145,False,"{'a': 0.5, 'e': 0.4153479985016451}",25,12,-22.86434016239349,"{0: 10, 1: 0, 2: 2, 3: 1, 4: 0}",1
146,False,"{'a': 0.5, 'e': 0.41285591051063525}",25,16,-0.5028914746987958,"{0: 7, 1: 1, 2: 1, 3: 0, 4: 0}",1
147,False,"{'a': 0.5, 'e': 0.4103787750475714}",30,0,-21.900214254284897,"{0: 27, 1: 0, 2: 2, 3: 0, 4: 1}",0
148,False,"{'a': 0.5, 'e': 0.407916502397286}",25,16,1.8230954399191353,"{0: 7, 1: 2, 2: 0, 3: 0, 4: 0}",1
149,False,"{'a': 0.5, 'e': 0.40546900338290226}",20,13,4.85561601958476,"{0: 6, 1: 1, 2: 0, 3: 0, 4: 0}",1
150,False,"{'a': 0.5, 'e': 0.4030361893626049}",20,8,7.8169131244687495,"{0: 11, 1: 0, 2: 1, 3: 0, 4: 0}",1
151,False,"{'a': 0.5, 'e': 0.40061797222642925}",20,14,8.79310993351385,"{0: 6, 1: 0, 2: 0, 3: 0, 4: 0}",1
152,False,"{'a': 0.5, 'e': 0.39821426439307067}",20,9,20.23459232649088,"{0: 11, 1: 0, 2: 0, 3: 0, 4: 0}",1
153,False,"{'a': 0.5, 'e': 0.39582497880671225}",25,15,6.462330184638272,"{0: 8, 1: 2, 2: 0, 3: 0, 4: 0}",1
154,False,"{'a': 0.5, 'e': 0.393450028933872}",25,14,23.447564538094177,"{0: 11, 1: 0, 2: 0, 3: 0, 4: 0}",1
155,False,"{'a': 0.5, 'e': 0.39108932876026875}",25,1,8.973748630179111,"{0: 21, 1: 2, 2: 1, 3: 0, 4: 0}",1
156,False,"{'a': 0.5, 'e': 0.3887427927877071}",25,17,-3.5221689075827998,"{0: 6, 1: 2, 2: 0, 3: 0, 4: 0}",1
157,False,"{'a': 0.5, 'e': 0.38641033603098085}",20,12,1.6232507590838596,"{0: 7, 1: 0, 2: 1, 3: 0, 4: 0}",1
158,False,"{'a': 0.5, 'e': 0.384091874014795}",20,4,-4.141223558559512,"{0: 13, 1: 1, 2: 2, 3: 0, 4: 0}",1
159,False,"{'a': 0.5, 'e': 0.3817873227707062}",20,6,22.03877126387035,"{0: 14, 1: 0, 2: 0, 3: 0, 4: 0}",1
160,False,"{'a': 0.5, 'e': 0.379496598834082}",20,10,4.037759877756956,"{0: 9, 1: 0, 2: 1, 3: 0, 4: 0}",1
161,False,"{'a': 0.5, 'e': 0.3772196192410775}",25,1,-86.45535993971993,"{0: 18, 1: 1, 2: 3, 3: 0, 4: 2}",1
162,False,"{'a': 0.5, 'e': 0.37495630152563103}",30,17,2.2834149859918353,"{0: 11, 1: 0, 2: 2, 3: 0, 4: 0}",1
163,False,"{'a': 0.5, 'e': 0.3727065637164772}",25,0,10.554125648638996,"{0: 23, 1: 0, 2: 2, 3: 0, 4: 0}",0
164,False,"{'a': 0.5, 'e': 0.37047032433417837}",20,0,-3.617116740608876,"{0: 17, 1: 1, 2: 2, 3: 0, 4: 0}",0
165,False,"{'a': 0.5, 'e': 0.3682475023881733}",30,21,17.27745146504081,"{0: 9, 1: 0, 2: 0, 3: 0, 4: 0}",1
166,False,"{'a': 0.5, 'e': 0.3660380173738442}",20,0,9.744744283760014,"{0: 18, 1: 0, 2: 2, 3: 0, 4: 0}",0
167,False,"{'a': 0.5, 'e': 0.3638417892696012}",20,11,2.2865110791641357,"{0: 8, 1: 0, 2: 1, 3: 0, 4: 0}",1
168,False,"{'a': 0.5, 'e': 0.36165873853398356}",20,1,30.254607998497182,"{0: 19, 1: 0, 2: 0, 3: 0, 4: 0}",1
169,False,"{'a': 0.5, 'e': 0.3594887861027797}",30,15,25.597693305814865,"{0: 15, 1: 0, 2: 0, 3: 0, 4: 0}",1
170,False,"{'a': 0.5, 'e': 0.35733185338616297}",20,6,-22.741076230773523,"{0: 10, 1: 0, 2: 4, 3: 0, 4: 0}",1
171,False,"{'a': 0.5, 'e': 0.35518786226584603}",30,14,21.988273422586456,"{0: 15, 1: 0, 2: 1, 3: 0, 4: 0}",1
172,False,"{'a': 0.5, 'e': 0.35305673509225094}",20,5,-8.338907600515505,"{0: 13, 1: 0, 2: 1, 3: 1, 4: 0}",1
173,False,"{'a': 0.5, 'e': 0.3509383946816974}",20,10,-13.503294352240353,"{0: 8, 1: 0, 2: 1, 3: 1, 4: 0}",1
174,False,"{'a': 0.5, 'e': 0.3488327643136072}",25,6,-21.32152178771164,"{0: 17, 1: 0, 2: 1, 3: 0, 4: 1}",1
175,False,"{'a': 0.5, 'e': 0.3467397677277256}",35,0,-83.61054426714693,"{0: 29, 1: 1, 2: 2, 3: 1, 4: 2}",0
176,False,"{'a': 0.5, 'e': 0.3446593291213592}",25,17,4.694988547660279,"{0: 7, 1: 0, 2: 1, 3: 0, 4: 0}",1
177,False,"{'a': 0.5, 'e': 0.3425913731466311}",25,0,3.394448690528636,"{0: 22, 1: 1, 2: 2, 3: 0, 4: 0}",0
178,False,"{'a': 0.5, 'e': 0.3405358249077513}",20,11,0.3267591137247303,"{0: 7, 1: 1, 2: 1, 3: 0, 4: 0}",1
179,False,"{'a': 0.5, 'e': 0.33849260995830477}",20,11,-8.423795168317348,"{0: 8, 1: 0, 2: 0, 3: 1, 4: 0}",1
180,False,"{'a': 0.5, 'e': 0.33646165429855496}",25,0,-63.83219913114306,"{0: 21, 1: 0, 2: 2, 3: 0, 4: 2}",0
181,False,"{'a': 0.5, 'e': 0.3344428843727636}",25,8,-38.445554399700335,"{0: 14, 1: 0, 2: 0, 3: 3, 4: 0}",1
182,False,"{'a': 0.5, 'e': 0.33243622706652703}",20,8,-64.67987706199011,"{0: 8, 1: 0, 2: 2, 3: 1, 4: 1}",1
183,False,"{'a': 0.5, 'e': 0.3304416097041279}",20,2,-7.670004307038652,"{0: 15, 1: 0, 2: 3, 3: 0, 4: 0}",1
184,False,"{'a': 0.5, 'e': 0.3284589600459031}",25,18,12.92611238044449,"{0: 7, 1: 0, 2: 0, 3: 0, 4: 0}",1
185,False,"{'a': 0.5, 'e': 0.3264882062856277}",20,2,5.514412548275681,"{0: 15, 1: 2, 2: 1, 3: 0, 4: 0}",1
186,False,"{'a': 0.5, 'e': 0.3245292770479139}",25,11,25.325229297028695,"{0: 14, 1: 0, 2: 0, 3: 0, 4: 0}",1
187,False,"{'a': 0.5, 'e': 0.32258210138562643}",20,13,13.053885878225628,"{0: 7, 1: 0, 2: 0, 3: 0, 4: 0}",1
188,False,"{'a': 0.5, 'e': 0.32064660877731266}",20,7,26.136250682099945,"{0: 13, 1: 0, 2: 0, 3: 0, 4: 0}",1
189,False,"{'a': 0.5, 'e': 0.3187227291246488}",20,4,-50.109307617063855,"{0: 12, 1: 1, 2: 2, 3: 0, 4: 1}",1
190,False,"{'a': 0.5, 'e': 0.3168103927499009}",25,11,2.4041106432792683,"{0: 13, 1: 0, 2: 0, 3: 1, 4: 0}",1
191,False,"{'a': 0.5, 'e': 0.31490953039340147}",20,9,-11.177093835228936,"{0: 8, 1: 1, 2: 2, 3: 0, 4: 0}",1
192,False,"{'a': 0.5, 'e': 0.3130200732110411}",30,15,3.7516590415991637,"{0: 13, 1: 0, 2: 2, 3: 0, 4: 0}",1
193,False,"{'a': 0.5, 'e': 0.3111419527717748}",30,18,10.94511338143107,"{0: 11, 1: 0, 2: 1, 3: 0, 4: 0}",1
194,False,"{'a': 0.5, 'e': 0.30927510105514416}",30,7,32.75986103807473,"{0: 22, 1: 1, 2: 0, 3: 0, 4: 0}",1
195,False,"{'a': 0.5, 'e': 0.3074194504488133}",25,12,22.469602535361588,"{0: 13, 1: 0, 2: 0, 3: 0, 4: 0}",1
196,False,"{'a': 0.5, 'e': 0.30557493374612044}",20,13,14.69103818697674,"{0: 7, 1: 0, 2: 0, 3: 0, 4: 0}",1
197,False,"{'a': 0.5, 'e': 0.3037414841436437}",25,4,31.982202541582303,"{0: 21, 1: 0, 2: 0, 3: 0, 4: 0}",1
198,False,"{'a': 0.5, 'e': 0.30191903523878183}",20,13,13.134341888730097,"{0: 7, 1: 0, 2: 0, 3: 0, 4: 0}",1
199,False,"{'a': 0.5, 'e': 0.30010752102734917}",25,19,10.686385616240756,"{0: 6, 1: 0, 2: 0, 3: 0, 4: 0}",1
200,False,"{'a': 0.5, 'e': 0.29830687590118504}",30,20,19.293523508526473,"{0: 10, 1: 0, 2: 0, 3: 0, 4: 0}",1
201,False,"{'a': 0.5, 'e': 0.29651703464577794}",30,0,-10.28726574388476,"{0: 26, 1: 1, 2: 2, 3: 1, 4: 0}",0
202,False,"{'a': 0.5, 'e': 0.29473793243790325}",20,0,10.299997411410786,"{0: 18, 1: 0, 2: 2, 3: 0, 4: 0}",1
203,False,"{'a': 0.5, 'e': 0.29296950484327583}",25,2,-17.86571543279698,"{0: 19, 1: 0, 2: 3, 3: 1, 4: 0}",1
204,False,"{'a': 0.5, 'e': 0.2912116878142162}",30,15,8.945075334204482,"{0: 13, 1: 1, 2: 1, 3: 0, 4: 0}",1
205,False,"{'a': 0.5, 'e': 0.2894644176873309}",20,15,9.45421783352344,"{0: 5, 1: 0, 2: 0, 3: 0, 4: 0}",1
206,False,"{'a': 0.5, 'e': 0.2877276311812069}",35,10,-17.150313712644,"{0: 22, 1: 2, 2: 0, 3: 0, 4: 1}",1
207,False,"{'a': 0.5, 'e': 0.2860012653941197}",30,1,-12.210919162175829,"{0: 27, 1: 0, 2: 1, 3: 0, 4: 1}",1
208,False,"{'a': 0.5, 'e': 0.28428525780175495}",20,8,8.558449020480685,"{0: 11, 1: 0, 2: 1, 3: 0, 4: 0}",1
209,False,"{'a': 0.5, 'e': 0.2825795462549444}",30,0,6.3172566401192,"{0: 27, 1: 0, 2: 3, 3: 0, 4: 0}",1
210,False,"{'a': 0.5, 'e': 0.28088406897741475}",35,17,19.696129507859336,"{0: 17, 1: 0, 2: 1, 3: 0, 4: 0}",1
211,False,"{'a': 0.5, 'e': 0.27919876456355025}",25,7,-54.28244330080836,"{0: 15, 1: 0, 2: 0, 3: 2, 4: 1}",1
212,False,"{'a': 0.5, 'e': 0.27752357197616895}",30,8,-38.11142710455325,"{0: 19, 1: 0, 2: 1, 3: 1, 4: 1}",1
213,False,"{'a': 0.5, 'e': 0.2758584305443119}",20,15,-4.44323806840404,"{0: 4, 1: 0, 2: 1, 3: 0, 4: 0}",1
214,False,"{'a': 0.5, 'e': 0.27420327996104604}",25,15,10.517561920698387,"{0: 9, 1: 1, 2: 0, 3: 0, 4: 0}",1
215,False,"{'a': 0.5, 'e': 0.27255806028127977}",25,13,-21.7624903931196,"{0: 11, 1: 0, 2: 0, 3: 0, 4: 1}",1
216,False,"{'a': 0.5, 'e': 0.2709227119195921}",25,19,8.91708208957166,"{0: 6, 1: 0, 2: 0, 3: 0, 4: 0}",1
217,False,"{'a': 0.5, 'e': 0.26929717564807454}",20,12,-9.501246271951828,"{0: 6, 1: 0, 2: 2, 3: 0, 4: 0}",1
218,False,"{'a': 0.5, 'e': 0.2676813925941861}",20,15,9.5727446282211,"{0: 5, 1: 0, 2: 0, 3: 0, 4: 0}",1
219,False,"{'a': 0.5, 'e': 0.26607530423862097}",25,14,-4.157720718792836,"{0: 8, 1: 2, 2: 1, 3: 0, 4: 0}",1
220,False,"{'a': 0.5, 'e': 0.26447885241318925}",30,18,18.414212898723648,"{0: 11, 1: 1, 2: 0, 3: 0, 4: 0}",1
221,False,"{'a': 0.5, 'e': 0.2628919792987101}",20,5,-14.341767576024917,"{0: 14, 1: 0, 2: 0, 3: 0, 4: 1}",1
222,False,"{'a': 0.5, 'e': 0.26131462742291783}",25,3,1.7480417966100754,"{0: 19, 1: 0, 2: 3, 3: 0, 4: 0}",1
223,False,"{'a': 0.5, 'e': 0.25974673965838035}",20,15,10.516654960414707,"{0: 5, 1: 0, 2: 0, 3: 0, 4: 0}",1
224,False,"{'a': 0.5, 'e': 0.25818825922043004}",20,0,12.01881279565494,"{0: 18, 1: 0, 2: 2, 3: 0, 4: 0}",1
225,False,"{'a': 0.5, 'e': 0.2566391296651075}",35,16,6.9957041451659725,"{0: 18, 1: 0, 2: 0, 3: 1, 4: 0}",1
226,False,"{'a': 0.5, 'e': 0.25509929488711686}",25,0,15.386059054170952,"{0: 23, 1: 1, 2: 1, 3: 0, 4: 0}",0
227,False,"{'a': 0.5, 'e': 0.2535686991177941}",25,0,-11.08914787992998,"{0: 20, 1: 2, 2: 3, 3: 0, 4: 0}",0
228,False,"{'a': 0.5, 'e': 0.25204728692308737}",30,21,19.512916460022616,"{0: 9, 1: 0, 2: 0, 3: 0, 4: 0}",1
229,False,"{'a': 0.5, 'e': 0.25053500320154887}",30,12,-65.37661680419771,"{0: 15, 1: 0, 2: 1, 3: 0, 4: 2}",1
230,False,"{'a': 0.5, 'e': 0.24903179318233953}",25,0,-6.193228441094119,"{0: 22, 1: 0, 2: 2, 3: 1, 4: 0}",0
231,False,"{'a': 0.5, 'e': 0.24753760242324552}",20,0,-1.7880020933578156,"{0: 18, 1: 0, 2: 1, 3: 1, 4: 0}",0
232,False,"{'a': 0.5, 'e': 0.24605237680870604}",30,13,20.747026254295697,"{0: 16, 1: 1, 2: 0, 3: 0, 4: 0}",1
233,False,"{'a': 0.5, 'e': 0.2445760625478538}",30,7,9.182406225975845,"{0: 21, 1: 1, 2: 0, 3: 1, 4: 0}",1
234,False,"{'a': 0.5, 'e': 0.24310860617256666}",20,6,9.801283537976571,"{0: 13, 1: 0, 2: 1, 3: 0, 4: 0}",1
235,False,"{'a': 0.5, 'e': 0.24164995453553126}",20,0,8.994156721691063,"{0: 18, 1: 0, 2: 2, 3: 0, 4: 0}",0
236,False,"{'a': 0.5, 'e': 0.24020005480831808}",25,7,-4.975170810463464,"{0: 16, 1: 0, 2: 1, 3: 1, 4: 0}",1
237,False,"{'a': 0.5, 'e': 0.23875885447946818}",25,3,34.77613962582272,"{0: 21, 1: 1, 2: 0, 3: 0, 4: 0}",1
238,False,"{'a': 0.5, 'e': 0.23732630135259136}",30,13,27.996349370632178,"{0: 17, 1: 0, 2: 0, 3: 0, 4: 0}",1
239,False,"{'a': 0.5, 'e': 0.2359023435444758}",30,13,-18.97006628395168,"{0: 14, 1: 0, 2: 1, 3: 2, 4: 0}",1
240,False,"{'a': 0.5, 'e': 0.23448692948320896}",25,18,1.2879035183633776,"{0: 6, 1: 0, 2: 1, 3: 0, 4: 0}",1
241,False,"{'a': 0.5, 'e': 0.2330800079063097}",20,12,8.648254129239302,"{0: 7, 1: 1, 2: 0, 3: 0, 4: 0}",1
242,False,"{'a': 0.5, 'e': 0.23168152785887183}",30,13,31.289137268553368,"{0: 17, 1: 0, 2: 0, 3: 0, 4: 0}",1
243,False,"{'a': 0.5, 'e': 0.23029143869171861}",30,18,21.161099065922528,"{0: 12, 1: 0, 2: 0, 3: 0, 4: 0}",1
244,False,"{'a': 0.5, 'e': 0.2289096900595683}",20,16,8.15255610821169,"{0: 4, 1: 0, 2: 0, 3: 0, 4: 0}",1
245,False,"{'a': 0.5, 'e': 0.22753623191921088}",20,2,-0.36153649133981225,"{0: 15, 1: 1, 2: 2, 3: 0, 4: 0}",1
246,False,"{'a': 0.5, 'e': 0.2261710145276956}",20,0,-30.976142861786254,"{0: 17, 1: 0, 2: 2, 3: 0, 4: 1}",0
247,False,"{'a': 0.5, 'e': 0.22481398844052944}",25,17,5.806218232001745,"{0: 7, 1: 0, 2: 1, 3: 0, 4: 0}",1
248,False,"{'a': 0.5, 'e': 0.22346510450988627}",20,7,-30.651933547650675,"{0: 11, 1: 0, 2: 1, 3: 0, 4: 1}",1
249,False,"{'a': 0.5, 'e': 0.22212431388282694}",30,12,8.384029641604108,"{0: 16, 1: 0, 2: 2, 3: 0, 4: 0}",1
250,False,"{'a': 0.5, 'e': 0.22079156799952998}",20,0,-22.276096520915647,"{0: 18, 1: 0, 2: 1, 3: 0, 4: 1}",0
251,False,"{'a': 0.5, 'e': 0.2194668185915328}",20,6,23.815895514244726,"{0: 14, 1: 0, 2: 0, 3: 0, 4: 0}",1
252,False,"{'a': 0.5, 'e': 0.2181500176799836}",20,10,9.776020747708,"{0: 9, 1: 0, 2: 1, 3: 0, 4: 0}",1
253,False,"{'a': 0.5, 'e': 0.2168411175739037}",30,10,-14.825526748987155,"{0: 18, 1: 0, 2: 1, 3: 0, 4: 1}",1
254,False,"{'a': 0.5, 'e': 0.21554007086846028}",20,12,2.7766519577702797,"{0: 7, 1: 0, 2: 1, 3: 0, 4: 0}",1
255,False,"{'a': 0.5, 'e': 0.21424683044324952}",20,3,3.5845806613555187,"{0: 15, 1: 0, 2: 2, 3: 0, 4: 0}",1
256,False,"{'a': 0.5, 'e': 0.21296134946059}",25,0,12.249992243249476,"{0: 23, 1: 0, 2: 2, 3: 0, 4: 0}",0
257,False,"{'a': 0.5, 'e': 0.21168358136382648}",20,14,12.711796737032556,"{0: 6, 1: 0, 2: 0, 3: 0, 4: 0}",1
258,False,"{'a': 0.5, 'e': 0.21041347987564352}",25,10,22.606585866804842,"{0: 14, 1: 1, 2: 0, 3: 0, 4: 0}",1
259,False,"{'a': 0.5, 'e': 0.20915099899638967}",20,16,8.428234739579018,"{0: 4, 1: 0, 2: 0, 3: 0, 4: 0}",1
260,False,"{'a': 0.5, 'e': 0.20789609300241133}",20,6,-25.141403056772432,"{0: 12, 1: 1, 2: 0, 3: 0, 4: 1}",1
261,False,"{'a': 0.5, 'e': 0.20664871644439683}",20,8,-35.57873132750046,"{0: 9, 1: 1, 2: 1, 3: 0, 4: 1}",1
262,False,"{'a': 0.5, 'e': 0.20540882414573047}",20,4,16.642854660618532,"{0: 15, 1: 0, 2: 1, 3: 0, 4: 0}",1
263,False,"{'a': 0.5, 'e': 0.20417637120085608}",20,5,-13.047078660152241,"{0: 14, 1: 0, 2: 0, 3: 0, 4: 1}",1
264,False,"{'a': 0.5, 'e': 0.20295131297365096}",30,9,24.32446410023697,"{0: 20, 1: 0, 2: 1, 3: 0, 4: 0}",1
265,False,"{'a': 0.5, 'e': 0.20173360509580904}",20,0,15.031346171492828,"{0: 18, 1: 1, 2: 1, 3: 0, 4: 0}",0
266,False,"{'a': 0.5, 'e': 0.20052320346523417}",20,10,16.759475840669996,"{0: 10, 1: 0, 2: 0, 3: 0, 4: 0}",1
267,False,"{'a': 0.5, 'e': 0.1993200642444428}",20,2,-14.583905781140142,"{0: 14, 1: 0, 2: 4, 3: 0, 4: 0}",1
268,False,"{'a': 0.5, 'e': 0.19812414385897612}",20,10,20.783870730093163,"{0: 10, 1: 0, 2: 0, 3: 0, 4: 0}",1
269,False,"{'a': 0.5, 'e': 0.19693539899582227}",20,12,4.531845906926174,"{0: 7, 1: 0, 2: 1, 3: 0, 4: 0}",1
270,False,"{'a': 0.5, 'e': 0.19575378660184733}",20,0,18.67102004139199,"{0: 19, 1: 0, 2: 1, 3: 0, 4: 0}",0
271,False,"{'a': 0.5, 'e': 0.19457926388223623}",25,11,-14.878410628988583,"{0: 10, 1: 1, 2: 3, 3: 0, 4: 0}",1
272,False,"{'a': 0.5, 'e': 0.19341178829894282}",20,11,9.560856422139562,"{0: 8, 1: 1, 2: 0, 3: 0, 4: 0}",1
273,False,"{'a': 0.5, 'e': 0.19225131756914915}",20,4,24.721933730893465,"{0: 16, 1: 0, 2: 0, 3: 0, 4: 0}",1
274,False,"{'a': 0.5, 'e': 0.19109780966373427}",20,8,25.060031111559635,"{0: 12, 1: 0, 2: 0, 3: 0, 4: 0}",1
275,False,"{'a': 0.5, 'e': 0.18995122280575186}",25,20,8.807258908230269,"{0: 5, 1: 0, 2: 0, 3: 0, 4: 0}",1
276,False,"{'a': 0.5, 'e': 0.18881151546891736}",20,10,9.515710231261464,"{0: 9, 1: 0, 2: 1, 3: 0, 4: 0}",1
277,False,"{'a': 0.5, 'e': 0.18767864637610385}",20,0,-6.916820463162864,"{0: 18, 1: 0, 2: 1, 3: 1, 4: 0}",0
278,False,"{'a': 0.5, 'e': 0.1865525744978472}",30,13,-13.382713400935492,"{0: 15, 1: 1, 2: 0, 3: 0, 4: 1}",1
279,False,"{'a': 0.5, 'e': 0.18543325905086014}",30,7,-4.972240405200752,"{0: 22, 1: 0, 2: 0, 3: 0, 4: 1}",1
280,False,"{'a': 0.5, 'e': 0.18432065949655496}",30,18,0.6141300539210011,"{0: 11, 1: 0, 2: 0, 3: 1, 4: 0}",1
281,False,"{'a': 0.5, 'e': 0.18321473553957565}",20,7,-62.263889197470654,"{0: 11, 1: 0, 2: 0, 3: 0, 4: 2}",1
282,False,"{'a': 0.5, 'e': 0.18211544712633818}",30,2,31.77835133090427,"{0: 27, 1: 0, 2: 1, 3: 0, 4: 0}",1
283,False,"{'a': 0.5, 'e': 0.18102275444358015}",25,0,-50.0562245985161,"{0: 21, 1: 0, 2: 2, 3: 1, 4: 1}",0
284,False,"{'a': 0.5, 'e': 0.17993661791691867}",30,17,23.648885695749783,"{0: 13, 1: 0, 2: 0, 3: 0, 4: 0}",1
285,False,"{'a': 0.5, 'e': 0.17885699820941717}",25,7,1.4560763346042405,"{0: 15, 1: 2, 2: 1, 3: 0, 4: 0}",1
286,False,"{'a': 0.5, 'e': 0.17778385622016066}",20,8,19.059939782829098,"{0: 12, 1: 0, 2: 0, 3: 0, 4: 0}",1
287,False,"{'a': 0.5, 'e': 0.1767171530828397}",20,3,17.875160184458686,"{0: 16, 1: 0, 2: 1, 3: 0, 4: 0}",1
288,False,"{'a': 0.5, 'e': 0.17565685016434265}",30,0,45.56502996452737,"{0: 30, 1: 0, 2: 0, 3: 0, 4: 0}",0
289,False,"{'a': 0.5, 'e': 0.1746029090633566}",20,6,22.35463884543224,"{0: 14, 1: 0, 2: 0, 3: 0, 4: 0}",1
290,False,"{'a': 0.5, 'e': 0.17355529160897645}",20,0,-48.10013902234502,"{0: 16, 1: 0, 2: 3, 3: 0, 4: 1}",0
291,False,"{'a': 0.5, 'e': 0.1725139598593226}",20,10,7.607396101124111,"{0: 9, 1: 0, 2: 1, 3: 0, 4: 0}",1
292,False,"{'a': 0.5, 'e': 0.17147887610016666}",25,7,16.868392664153628,"{0: 17, 1: 0, 2: 1, 3: 0, 4: 0}",1
293,False,"{'a': 0.5, 'e': 0.17045000284356565}",30,19,-2.2751261871384236,"{0: 10, 1: 0, 2: 0, 3: 1, 4: 0}",1
294,False,"{'a': 0.5, 'e': 0.16942730282650426}",25,14,22.54476283827968,"{0: 11, 1: 0, 2: 0, 3: 0, 4: 0}",1
295,False,"{'a': 0.5, 'e': 0.16841073900954523}",25,18,13.703205738343057,"{0: 7, 1: 0, 2: 0, 3: 0, 4: 0}",1
296,False,"{'a': 0.5, 'e': 0.16740027457548798}",25,11,25.534866893310088,"{0: 14, 1: 0, 2: 0, 3: 0, 4: 0}",1
297,False,"{'a': 0.5, 'e': 0.16639587292803504}",20,8,23.735543183305055,"{0: 12, 1: 0, 2: 0, 3: 0, 4: 0}",1
298,False,"{'a': 0.5, 'e': 0.16539749769046683}",20,15,-1.3299916615041332,"{0: 4, 1: 0, 2: 1, 3: 0, 4: 0}",1
299,False,"{'a': 0.5, 'e': 0.16440511270432404}",20,12,-24.606417889695383,"{0: 7, 1: 0, 2: 0, 3: 0, 4: 1}",1
300,False,"{'a': 0.5, 'e': 0.1634186820280981}",30,18,10.65491306461053,"{0: 11, 1: 0, 2: 1, 3: 0, 4: 0}",1
301,False,"{'a': 0.5, 'e': 0.1624381699359295}",20,13,11.075229623458512,"{0: 7, 1: 0, 2: 0, 3: 0, 4: 0}",1
302,False,"{'a': 0.5, 'e': 0.1614635409163139}",25,12,0.34919588007628444,"{0: 11, 1: 0, 2: 2, 3: 0, 4: 0}",1
303,False,"{'a': 0.5, 'e': 0.16049475967081603}",25,11,21.449087661906646,"{0: 14, 1: 0, 2: 0, 3: 0, 4: 0}",1
304,False,"{'a': 0.5, 'e': 0.15953179111279114}",25,20,8.851671060068472,"{0: 5, 1: 0, 2: 0, 3: 0, 4: 0}",1
305,False,"{'a': 0.5, 'e': 0.15857460036611437}",20,13,-17.978564743740808,"{0: 5, 1: 0, 2: 1, 3: 1, 4: 0}",1
306,False,"{'a': 0.5, 'e': 0.1576231527639177}",20,0,20.41555986815344,"{0: 19, 1: 1, 2: 0, 3: 0, 4: 0}",0
307,False,"{'a': 0.5, 'e': 0.1566774138473342}",25,17,-26.560116176895974,"{0: 7, 1: 0, 2: 0, 3: 0, 4: 1}",1
308,False,"{'a': 0.5, 'e': 0.15573734936425018}",25,14,20.240804773134087,"{0: 11, 1: 0, 2: 0, 3: 0, 4: 0}",1
309,False,"{'a': 0.5, 'e': 0.1548029252680647}",20,8,20.14048972854912,"{0: 12, 1: 0, 2: 0, 3: 0, 4: 0}",1
310,False,"{'a': 0.5, 'e': 0.1538741077164563}",25,14,6.115195847040535,"{0: 10, 1: 0, 2: 1, 3: 0, 4: 0}",1
311,False,"{'a': 0.5, 'e': 0.15295086307015754}",30,16,16.596091577188332,"{0: 13, 1: 1, 2: 0, 3: 0, 4: 0}",1
312,False,"{'a': 0.5, 'e': 0.1520331578917366}",35,21,-0.03941484556975228,"{0: 12, 1: 0, 2: 2, 3: 0, 4: 0}",1
313,False,"{'a': 0.5, 'e': 0.15112095894438618}",20,7,22.229676118253995,"{0: 12, 1: 1, 2: 0, 3: 0, 4: 0}",1
314,False,"{'a': 0.5, 'e': 0.15021423319071986}",20,12,17.132330819408924,"{0: 8, 1: 0, 2: 0, 3: 0, 4: 0}",1
315,False,"{'a': 0.5, 'e': 0.14931294779157556}",20,11,4.801729654304628,"{0: 8, 1: 0, 2: 1, 3: 0, 4: 0}",1
316,False,"{'a': 0.5, 'e': 0.1484170701048261}",30,13,32.1171469252,"{0: 17, 1: 0, 2: 0, 3: 0, 4: 0}",1
317,False,"{'a': 0.5, 'e': 0.14752656768419714}",20,9,21.169758342637078,"{0: 11, 1: 0, 2: 0, 3: 0, 4: 0}",1
318,False,"{'a': 0.5, 'e': 0.14664140827809197}",20,11,14.601517378833382,"{0: 9, 1: 0, 2: 0, 3: 0, 4: 0}",1
319,False,"{'a': 0.5, 'e': 0.1457615598284234}",25,16,16.86279983875855,"{0: 9, 1: 0, 2: 0, 3: 0, 4: 0}",1
320,False,"{'a': 0.5, 'e': 0.14488699046945286}",20,0,19.758609524112952,"{0: 19, 1: 0, 2: 1, 3: 0, 4: 0}",0
321,False,"{'a': 0.5, 'e': 0.14401766852663614}",25,16,-4.061803628943302,"{0: 8, 1: 0, 2: 0, 3: 1, 4: 0}",1
322,False,"{'a': 0.5, 'e': 0.1431535625154763}",20,13,16.294550195944083,"{0: 7, 1: 0, 2: 0, 3: 0, 4: 0}",1
323,False,"{'a': 0.5, 'e': 0.14229464114038345}",25,4,30.238971075288394,"{0: 21, 1: 0, 2: 0, 3: 0, 4: 0}",1
324,False,"{'a': 0.5, 'e': 0.14144087329354116}",30,20,20.774656284959025,"{0: 10, 1: 0, 2: 0, 3: 0, 4: 0}",1
325,False,"{'a': 0.5, 'e': 0.1405922280537799}",20,8,20.228353581141427,"{0: 12, 1: 0, 2: 0, 3: 0, 4: 0}",1
326,False,"{'a': 0.5, 'e': 0.13974867468545724}",35,21,5.331535534149869,"{0: 12, 1: 0, 2: 2, 3: 0, 4: 0}",1
327,False,"{'a': 0.5, 'e': 0.1389101826373445}",20,3,15.109810948461,"{0: 16, 1: 0, 2: 1, 3: 0, 4: 0}",1
328,False,"{'a': 0.5, 'e': 0.13807672154152043}",30,17,24.49405621387583,"{0: 13, 1: 0, 2: 0, 3: 0, 4: 0}",1
329,False,"{'a': 0.5, 'e': 0.1372482612122713}",25,7,33.327104095445335,"{0: 18, 1: 0, 2: 0, 3: 0, 4: 0}",1
330,False,"{'a': 0.5, 'e': 0.13642477164499767}",20,8,23.172222293405298,"{0: 12, 1: 0, 2: 0, 3: 0, 4: 0}",1
331,False,"{'a': 0.5, 'e': 0.13560622301512767}",20,0,6.922939586671504,"{0: 18, 1: 0, 2: 2, 3: 0, 4: 0}",0
332,False,"{'a': 0.5, 'e': 0.13479258567703692}",25,13,21.750823115494335,"{0: 12, 1: 0, 2: 0, 3: 0, 4: 0}",1
333,False,"{'a': 0.5, 'e': 0.1339838301629747}",25,15,-22.492505274231558,"{0: 9, 1: 0, 2: 0, 3: 0, 4: 1}",1
334,False,"{'a': 0.5, 'e': 0.13317992718199684}",30,21,19.44379752836982,"{0: 9, 1: 0, 2: 0, 3: 0, 4: 0}",1
335,False,"{'a': 0.5, 'e': 0.13238084761890487}",20,7,15.157533416612685,"{0: 12, 1: 0, 2: 1, 3: 0, 4: 0}",1
336,False,"{'a': 0.5, 'e': 0.13158656253319143}",20,9,-5.071133044058995,"{0: 9, 1: 0, 2: 2, 3: 0, 4: 0}",1
337,False,"{'a': 0.5, 'e': 0.1307970431579923}",20,6,3.926490358012854,"{0: 12, 1: 0, 2: 2, 3: 0, 4: 0}",1
338,False,"{'a': 0.5, 'e': 0.13001226089904433}",20,11,15.153885357083432,"{0: 9, 1: 0, 2: 0, 3: 0, 4: 0}",1
339,False,"{'a': 0.5, 'e': 0.12923218733365008}",20,0,31.36876000959315,"{0: 20, 1: 0, 2: 0, 3: 0, 4: 0}",1
340,False,"{'a': 0.5, 'e': 0.12845679420964817}",20,11,-24.339482253948134,"{0: 8, 1: 0, 2: 0, 3: 0, 4: 1}",1
341,False,"{'a': 0.5, 'e': 0.12768605344439027}",20,6,25.79271961935604,"{0: 14, 1: 0, 2: 0, 3: 0, 4: 0}",1
342,False,"{'a': 0.5, 'e': 0.12691993712372393}",25,17,15.32915638915781,"{0: 8, 1: 0, 2: 0, 3: 0, 4: 0}",1
343,False,"{'a': 0.5, 'e': 0.12615841750098158}",20,6,25.790901159897405,"{0: 14, 1: 0, 2: 0, 3: 0, 4: 0}",1
344,False,"{'a': 0.5, 'e': 0.1254014669959757}",25,14,8.55525842661893,"{0: 10, 1: 0, 2: 1, 3: 0, 4: 0}",1
345,False,"{'a': 0.5, 'e': 0.12464905819399985}",30,18,22.352406929451654,"{0: 12, 1: 0, 2: 0, 3: 0, 4: 0}",1
346,False,"{'a': 0.5, 'e': 0.12390116384483585}",25,15,6.819042853504294,"{0: 9, 1: 0, 2: 1, 3: 0, 4: 0}",1
347,False,"{'a': 0.5, 'e': 0.12315775686176683}",30,18,-19.306600327123157,"{0: 11, 1: 0, 2: 0, 3: 0, 4: 1}",1
348,False,"{'a': 0.5, 'e': 0.12241881032059623}",25,18,11.36254008021617,"{0: 7, 1: 0, 2: 0, 3: 0, 4: 0}",1
349,False,"{'a': 0.5, 'e': 0.12168429745867265}",20,4,27.59761071915316,"{0: 16, 1: 0, 2: 0, 3: 0, 4: 0}",1
350,False,"{'a': 0.5, 'e': 0.12095419167392062}",20,5,15.284213808061008,"{0: 14, 1: 0, 2: 1, 3: 0, 4: 0}",1
351,False,"{'a': 0.5, 'e': 0.12022846652387709}",25,20,8.580009308838257,"{0: 5, 1: 0, 2: 0, 3: 0, 4: 0}",1
352,False,"{'a': 0.5, 'e': 0.11950709572473382}",25,15,4.083296662137447,"{0: 9, 1: 0, 2: 1, 3: 0, 4: 0}",1
353,False,"{'a': 0.5, 'e': 0.11879005315038542}",20,11,13.44099428384832,"{0: 9, 1: 0, 2: 0, 3: 0, 4: 0}",1
354,False,"{'a': 0.5, 'e': 0.11807731283148311}",20,16,5.881295228830458,"{0: 4, 1: 0, 2: 0, 3: 0, 4: 0}",1
355,False,"{'a': 0.5, 'e': 0.1173688489544942}",25,12,0.5915364814383333,"{0: 11, 1: 0, 2: 2, 3: 0, 4: 0}",1
356,False,"{'a': 0.5, 'e': 0.11666463586076724}",25,15,9.900905931181613,"{0: 9, 1: 1, 2: 0, 3: 0, 4: 0}",1
357,False,"{'a': 0.5, 'e': 0.11596464804560264}",35,15,27.87626506030911,"{0: 19, 1: 0, 2: 1, 3: 0, 4: 0}",1
358,False,"{'a': 0.5, 'e': 0.11526886015732903}",25,15,17.056174676275795,"{0: 10, 1: 0, 2: 0, 3: 0, 4: 0}",1
359,False,"{'a': 0.5, 'e': 0.11457724699638505}",20,3,16.771838482285577,"{0: 16, 1: 0, 2: 1, 3: 0, 4: 0}",1
360,False,"{'a': 0.5, 'e': 0.11388978351440673}",20,8,-48.24450211109025,"{0: 9, 1: 1, 2: 0, 3: 1, 4: 1}",1
361,False,"{'a': 0.5, 'e': 0.11320644481332029}",25,11,28.3718010034009,"{0: 14, 1: 0, 2: 0, 3: 0, 4: 0}",1
362,False,"{'a': 0.5, 'e': 0.11252720614444038}",30,16,21.73531330053838,"{0: 14, 1: 0, 2: 0, 3: 0, 4: 0}",1
363,False,"{'a': 0.5, 'e': 0.11185204290757374}",25,15,8.663800962876095,"{0: 9, 1: 0, 2: 1, 3: 0, 4: 0}",1
364,False,"{'a': 0.5, 'e': 0.1111809306501283}",25,15,8.949114233916376,"{0: 9, 1: 1, 2: 0, 3: 0, 4: 0}",1
365,False,"{'a': 0.5, 'e': 0.11051384506622752}",25,11,-18.475633448467406,"{0: 13, 1: 0, 2: 0, 3: 0, 4: 1}",1
366,False,"{'a': 0.5, 'e': 0.10985076199583016}",20,9,11.541849132322088,"{0: 10, 1: 1, 2: 0, 3: 0, 4: 0}",1
367,False,"{'a': 0.5, 'e': 0.10919165742385517}",25,19,12.087099146218087,"{0: 6, 1: 0, 2: 0, 3: 0, 4: 0}",1
368,False,"{'a': 0.5, 'e': 0.10853650747931204}",20,8,15.099729584764784,"{0: 11, 1: 1, 2: 0, 3: 0, 4: 0}",1
369,False,"{'a': 0.5, 'e': 0.10788528843443616}",20,9,-2.8420250991390974,"{0: 10, 1: 0, 2: 0, 3: 1, 4: 0}",1
370,False,"{'a': 0.5, 'e': 0.10723797670382955}",25,13,22.25621255126644,"{0: 12, 1: 0, 2: 0, 3: 0, 4: 0}",1
371,False,"{'a': 0.5, 'e': 0.10659454884360657}",25,9,27.88571485092546,"{0: 16, 1: 0, 2: 0, 3: 0, 4: 0}",1
372,False,"{'a': 0.5, 'e': 0.10595498155054493}",25,17,16.81773490763591,"{0: 8, 1: 0, 2: 0, 3: 0, 4: 0}",1
373,False,"{'a': 0.5, 'e': 0.10531925166124166}",20,14,14.622081162077727,"{0: 6, 1: 0, 2: 0, 3: 0, 4: 0}",1
374,False,"{'a': 0.5, 'e': 0.10468733615127421}",20,11,15.66466380411018,"{0: 9, 1: 0, 2: 0, 3: 0, 4: 0}",1
375,False,"{'a': 0.5, 'e': 0.10405921213436656}",30,23,14.981660000442439,"{0: 7, 1: 0, 2: 0, 3: 0, 4: 0}",1
376,False,"{'a': 0.5, 'e': 0.10343485686156037}",25,9,25.458537633792325,"{0: 16, 1: 0, 2: 0, 3: 0, 4: 0}",1
377,False,"{'a': 0.5, 'e': 0.102814247720391}",30,13,35.91431847402993,"{0: 17, 1: 0, 2: 0, 3: 0, 4: 0}",1
378,False,"{'a': 0.5, 'e': 0.10219736223406865}",25,8,17.393063858619154,"{0: 16, 1: 0, 2: 1, 3: 0, 4: 0}",1
379,False,"{'a': 0.5, 'e': 0.10158417806066425}",25,12,14.761985240000126,"{0: 12, 1: 0, 2: 1, 3: 0, 4: 0}",1
380,False,"{'a': 0.5, 'e': 0.10097467299230026}",25,10,14.904130890048357,"{0: 14, 1: 0, 2: 1, 3: 0, 4: 0}",1
381,False,"{'a': 0.5, 'e': 0.10036882495434646}",25,18,14.062922461052972,"{0: 7, 1: 0, 2: 0, 3: 0, 4: 0}",1
382,False,"{'a': 0.5, 'e': 0.09976661200462038}",35,24,23.546895944679324,"{0: 11, 1: 0, 2: 0, 3: 0, 4: 0}",1
383,False,"{'a': 0.5, 'e': 0.09916801233259265}",25,13,27.182534705998837,"{0: 12, 1: 0, 2: 0, 3: 0, 4: 0}",1
384,False,"{'a': 0.5, 'e': 0.0985730042585971}",20,13,12.952373395256751,"{0: 7, 1: 0, 2: 0, 3: 0, 4: 0}",1
385,False,"{'a': 0.5, 'e': 0.0979815662330455}",20,9,7.8451282955264805,"{0: 10, 1: 0, 2: 1, 3: 0, 4: 0}",1
386,False,"{'a': 0.5, 'e': 0.09739367683564724}",25,11,13.612642642687922,"{0: 13, 1: 0, 2: 1, 3: 0, 4: 0}",1
387,False,"{'a': 0.5, 'e': 0.09680931477463335}",20,16,7.111444677811076,"{0: 4, 1: 0, 2: 0, 3: 0, 4: 0}",1
388,False,"{'a': 0.5, 'e': 0.09622845888598555}",25,11,30.758067583031842,"{0: 14, 1: 0, 2: 0, 3: 0, 4: 0}",1
389,False,"{'a': 0.5, 'e': 0.09565108813266963}",25,5,2.4346571543645,"{0: 18, 1: 1, 2: 0, 3: 1, 4: 0}",1
390,False,"{'a': 0.5, 'e': 0.09507718160387363}",20,8,13.106512912783367,"{0: 11, 1: 0, 2: 1, 3: 0, 4: 0}",1
391,False,"{'a': 0.5, 'e': 0.09450671851425038}",20,6,1.5427211406887116,"{0: 12, 1: 0, 2: 2, 3: 0, 4: 0}",1
392,False,"{'a': 0.5, 'e': 0.09393967820316487}",25,13,15.79321536658388,"{0: 11, 1: 0, 2: 1, 3: 0, 4: 0}",1
393,False,"{'a': 0.5, 'e': 0.09337604013394589}",30,14,29.88156311212009,"{0: 16, 1: 0, 2: 0, 3: 0, 4: 0}",1
394,False,"{'a': 0.5, 'e': 0.09281578389314221}",25,18,13.083080728896707,"{0: 7, 1: 0, 2: 0, 3: 0, 4: 0}",1
395,False,"{'a': 0.5, 'e': 0.09225888918978335}",30,18,22.53534167916534,"{0: 12, 1: 0, 2: 0, 3: 0, 4: 0}",1
396,False,"{'a': 0.5, 'e': 0.09170533585464466}",20,8,21.171706904893757,"{0: 12, 1: 0, 2: 0, 3: 0, 4: 0}",1
397,False,"{'a': 0.5, 'e': 0.09115510383951679}",25,13,20.868192722096552,"{0: 12, 1: 0, 2: 0, 3: 0, 4: 0}",1
398,False,"{'a': 0.5, 'e': 0.09060817321647968}",25,6,14.949156133126099,"{0: 17, 1: 1, 2: 1, 3: 0, 4: 0}",1
399,False,"{'a': 0.5, 'e': 0.0900645241771808}",25,8,6.886964266778626,"{0: 15, 1: 1, 2: 1, 3: 0, 4: 0}",1
400,False,"{'a': 0.5, 'e': 0.08952413703211773}",25,11,27.946979649980992,"{0: 14, 1: 0, 2: 0, 3: 0, 4: 0}",1
401,False,"{'a': 0.5, 'e': 0.08898699220992502}",25,11,6.75881899609643,"{0: 12, 1: 1, 2: 1, 3: 0, 4: 0}",1
402,False,"{'a': 0.5, 'e': 0.08845307025666546}",20,16,6.6145421205692125,"{0: 4, 1: 0, 2: 0, 3: 0, 4: 0}",1
403,False,"{'a': 0.5, 'e': 0.08792235183512548}",20,10,19.742024403398677,"{0: 10, 1: 0, 2: 0, 3: 0, 4: 0}",1
404,False,"{'a': 0.5, 'e': 0.08739481772411471}",35,24,22.501339668037726,"{0: 11, 1: 0, 2: 0, 3: 0, 4: 0}",1
405,False,"{'a': 0.5, 'e': 0.08687044881777004}",20,9,19.571065373957317,"{0: 11, 1: 0, 2: 0, 3: 0, 4: 0}",1
406,False,"{'a': 0.5, 'e': 0.08634922612486341}",25,1,42.55454842971946,"{0: 24, 1: 0, 2: 0, 3: 0, 4: 0}",1
407,False,"{'a': 0.5, 'e': 0.08583113076811423}",25,10,24.91921403780087,"{0: 15, 1: 0, 2: 0, 3: 0, 4: 0}",1
408,False,"{'a': 0.5, 'e': 0.08531614398350554}",30,12,34.77462253080755,"{0: 18, 1: 0, 2: 0, 3: 0, 4: 0}",1
409,False,"{'a': 0.5, 'e': 0.0848042471196045}",20,9,21.359774847779146,"{0: 11, 1: 0, 2: 0, 3: 0, 4: 0}",1
410,False,"{'a': 0.5, 'e': 0.08429542163688689}",25,0,38.79511254240673,"{0: 25, 1: 0, 2: 0, 3: 0, 4: 0}",0
411,False,"{'a': 0.5, 'e': 0.08378964910706556}",20,7,1.244532668280169,"{0: 12, 1: 0, 2: 0, 3: 1, 4: 0}",1
412,False,"{'a': 0.5, 'e': 0.08328691121242317}",20,8,19.660706524281874,"{0: 12, 1: 0, 2: 0, 3: 0, 4: 0}",1
413,False,"{'a': 0.5, 'e': 0.08278718974514862}",20,13,13.550291759123784,"{0: 7, 1: 0, 2: 0, 3: 0, 4: 0}",1
414,False,"{'a': 0.5, 'e': 0.08229046660667774}",25,16,21.317315832726408,"{0: 9, 1: 0, 2: 0, 3: 0, 4: 0}",1
415,False,"{'a': 0.5, 'e': 0.08179672380703767}",25,0,3.8319024216582154,"{0: 23, 1: 0, 2: 1, 3: 1, 4: 0}",0
416,False,"{'a': 0.5, 'e': 0.08130594346419544}",25,2,-14.558061939482974,"{0: 22, 1: 0, 2: 0, 3: 0, 4: 1}",1
417,False,"{'a': 0.5, 'e': 0.08081810780341027}",35,18,18.010788128326787,"{0: 16, 1: 0, 2: 1, 3: 0, 4: 0}",1
418,False,"{'a': 0.5, 'e': 0.0803331991565898}",20,10,17.24026868743474,"{0: 10, 1: 0, 2: 0, 3: 0, 4: 0}",1
419,False,"{'a': 0.5, 'e': 0.07985119996165027}",25,17,11.850256224388664,"{0: 7, 1: 1, 2: 0, 3: 0, 4: 0}",1
420,False,"{'a': 0.5, 'e': 0.07937209276188037}",25,15,19.94306038930502,"{0: 10, 1: 0, 2: 0, 3: 0, 4: 0}",1
421,False,"{'a': 0.5, 'e': 0.07889586020530909}",20,0,34.86690136682442,"{0: 20, 1: 0, 2: 0, 3: 0, 4: 0}",0
422,False,"{'a': 0.5, 'e': 0.07842248504407723}",25,14,14.02175790881278,"{0: 10, 1: 1, 2: 0, 3: 0, 4: 0}",1
423,False,"{'a': 0.5, 'e': 0.07795195013381277}",30,7,42.067091306009026,"{0: 23, 1: 0, 2: 0, 3: 0, 4: 0}",1
424,False,"{'a': 0.5, 'e': 0.07748423843300989}",20,0,0.6270983711822962,"{0: 17, 1: 1, 2: 2, 3: 0, 4: 0}",0
425,False,"{'a': 0.5, 'e': 0.07701933300241183}",30,17,9.488703520906247,"{0: 12, 1: 0, 2: 1, 3: 0, 4: 0}",1
426,False,"{'a': 0.5, 'e': 0.07655721700439735}",20,16,6.931282678016277,"{0: 4, 1: 0, 2: 0, 3: 0, 4: 0}",1
427,False,"{'a': 0.5, 'e': 0.07609787370237098}",25,17,16.533240991262435,"{0: 8, 1: 0, 2: 0, 3: 0, 4: 0}",1
428,False,"{'a': 0.5, 'e': 0.07564128646015675}",20,8,-4.606180992109626,"{0: 9, 1: 2, 2: 1, 3: 0, 4: 0}",1
429,False,"{'a': 0.5, 'e': 0.0751874387413958}",25,8,33.44704889118403,"{0: 17, 1: 0, 2: 0, 3: 0, 4: 0}",1
430,False,"{'a': 0.5, 'e': 0.07473631410894743}",30,18,9.570032858497324,"{0: 11, 1: 0, 2: 1, 3: 0, 4: 0}",1
431,False,"{'a': 0.5, 'e': 0.07428789622429374}",20,11,12.191102538242362,"{0: 8, 1: 1, 2: 0, 3: 0, 4: 0}",1
432,False,"{'a': 0.5, 'e': 0.07384216884694798}",30,15,22.821342033589893,"{0: 15, 1: 0, 2: 0, 3: 0, 4: 0}",1
433,False,"{'a': 0.5, 'e': 0.0733991158338663}",20,0,32.03110997195953,"{0: 20, 1: 0, 2: 0, 3: 0, 4: 0}",0
434,False,"{'a': 0.5, 'e': 0.07295872113886309}",35,18,9.851684294630667,"{0: 16, 1: 0, 2: 0, 3: 1, 4: 0}",1
435,False,"{'a': 0.5, 'e': 0.07252096881202992}",25,8,-7.616688651878375,"{0: 16, 1: 0, 2: 0, 3: 0, 4: 1}",1
436,False,"{'a': 0.5, 'e': 0.07208584299915774}",25,15,6.073991212691935,"{0: 9, 1: 0, 2: 1, 3: 0, 4: 0}",1
437,False,"{'a': 0.5, 'e': 0.07165332794116279}",25,12,19.07520362019586,"{0: 12, 1: 1, 2: 0, 3: 0, 4: 0}",1
438,False,"{'a': 0.5, 'e': 0.07122340797351581}",20,12,3.8895035723321936,"{0: 7, 1: 0, 2: 1, 3: 0, 4: 0}",1
439,False,"{'a': 0.5, 'e': 0.07079606752567472}",20,7,22.45660729791193,"{0: 13, 1: 0, 2: 0, 3: 0, 4: 0}",1
440,False,"{'a': 0.5, 'e': 0.07037129112052067}",25,2,40.609035676579616,"{0: 23, 1: 0, 2: 0, 3: 0, 4: 0}",1
441,False,"{'a': 0.5, 'e': 0.06994906337379754}",35,24,20.52930496320342,"{0: 11, 1: 0, 2: 0, 3: 0, 4: 0}",1
442,False,"{'a': 0.5, 'e': 0.06952936899355476}",20,6,26.32992459613239,"{0: 14, 1: 0, 2: 0, 3: 0, 4: 0}",1
443,False,"{'a': 0.5, 'e': 0.06911219277959343}",35,23,23.517351246331497,"{0: 12, 1: 0, 2: 0, 3: 0, 4: 0}",1
444,False,"{'a': 0.5, 'e': 0.06869751962291587}",25,15,15.574481491806972,"{0: 10, 1: 0, 2: 0, 3: 0, 4: 0}",1
445,False,"{'a': 0.5, 'e': 0.06828533450517837}",20,12,12.453725176183081,"{0: 8, 1: 0, 2: 0, 3: 0, 4: 0}",1
446,False,"{'a': 0.5, 'e': 0.0678756224981473}",20,10,20.637918132584616,"{0: 10, 1: 0, 2: 0, 3: 0, 4: 0}",1
447,False,"{'a': 0.5, 'e': 0.06746836876315841}",20,9,22.127220449612125,"{0: 11, 1: 0, 2: 0, 3: 0, 4: 0}",1
448,False,"{'a': 0.5, 'e': 0.06706355855057947}",30,16,24.036629851124513,"{0: 14, 1: 0, 2: 0, 3: 0, 4: 0}",1
449,False,"{'a': 0.5, 'e': 0.06666117719927599}",25,15,14.467456009960793,"{0: 9, 1: 1, 2: 0, 3: 0, 4: 0}",1
450,False,"{'a': 0.5, 'e': 0.06626121013608033}",20,12,15.202773589130445,"{0: 8, 1: 0, 2: 0, 3: 0, 4: 0}",1
451,False,"{'a': 0.5, 'e': 0.06586364287526385}",25,17,16.242646860799436,"{0: 8, 1: 0, 2: 0, 3: 0, 4: 0}",1
452,False,"{'a': 0.5, 'e': 0.06546846101801226}",30,22,17.573903439821073,"{0: 8, 1: 0, 2: 0, 3: 0, 4: 0}",1
453,False,"{'a': 0.5, 'e': 0.06507565025190419}",30,7,29.15819612703752,"{0: 22, 1: 1, 2: 0, 3: 0, 4: 0}",1
454,False,"{'a': 0.5, 'e': 0.06468519635039277}",25,14,23.138515039477845,"{0: 11, 1: 0, 2: 0, 3: 0, 4: 0}",1
455,False,"{'a': 0.5, 'e': 0.06429708517229041}",35,22,29.656310921011816,"{0: 13, 1: 0, 2: 0, 3: 0, 4: 0}",1
456,False,"{'a': 0.5, 'e': 0.06391130266125666}",30,20,19.329010872890166,"{0: 10, 1: 0, 2: 0, 3: 0, 4: 0}",1
457,False,"{'a': 0.5, 'e': 0.06352783484528912}",20,14,0.5612396813741842,"{0: 5, 1: 0, 2: 1, 3: 0, 4: 0}",1
458,False,"{'a': 0.5, 'e': 0.06314666783621739}",20,6,15.993045753918967,"{0: 13, 1: 0, 2: 1, 3: 0, 4: 0}",1
459,False,"{'a': 0.5, 'e': 0.06276778782920009}",25,11,25.561137502144398,"{0: 14, 1: 0, 2: 0, 3: 0, 4: 0}",1
460,False,"{'a': 0.5, 'e': 0.062391181102224885}",30,13,33.2132719939319,"{0: 17, 1: 0, 2: 0, 3: 0, 4: 0}",1
461,False,"{'a': 0.5, 'e': 0.06201683401561154}",25,19,13.640620399227,"{0: 6, 1: 0, 2: 0, 3: 0, 4: 0}",1
462,False,"{'a': 0.5, 'e': 0.06164473301151787}",25,8,-11.22217813493084,"{0: 16, 1: 0, 2: 0, 3: 0, 4: 1}",1
463,False,"{'a': 0.5, 'e': 0.06127486461344876}",20,12,1.8057161112597804,"{0: 7, 1: 0, 2: 1, 3: 0, 4: 0}",1
464,False,"{'a': 0.5, 'e': 0.06090721542576807}",25,7,32.36277543774245,"{0: 18, 1: 0, 2: 0, 3: 0, 4: 0}",1
465,False,"{'a': 0.5, 'e': 0.06054177213321346}",20,15,10.094006617106748,"{0: 5, 1: 0, 2: 0, 3: 0, 4: 0}",1
466,False,"{'a': 0.5, 'e': 0.06017852150041418}",20,11,18.829871337517694,"{0: 9, 1: 0, 2: 0, 3: 0, 4: 0}",1
467,False,"{'a': 0.5, 'e': 0.059817450371411694}",30,19,-5.343058724076969,"{0: 9, 1: 0, 2: 2, 3: 0, 4: 0}",1
468,False,"{'a': 0.5, 'e': 0.059458545669183224}",20,0,30.11555771720787,"{0: 20, 1: 0, 2: 0, 3: 0, 4: 0}",0
469,False,"{'a': 0.5, 'e': 0.05910179439516812}",20,10,17.507787549127677,"{0: 10, 1: 0, 2: 0, 3: 0, 4: 0}",1
470,False,"{'a': 0.5, 'e': 0.05874718362879711}",25,12,21.581848565197422,"{0: 13, 1: 0, 2: 0, 3: 0, 4: 0}",1
471,False,"{'a': 0.5, 'e': 0.05839470052702433}",20,8,24.09829600387215,"{0: 12, 1: 0, 2: 0, 3: 0, 4: 0}",1
472,False,"{'a': 0.5, 'e': 0.058044332323862184}",20,14,11.429946967888403,"{0: 6, 1: 0, 2: 0, 3: 0, 4: 0}",1
473,False,"{'a': 0.5, 'e': 0.05769606632991901}",30,7,-2.7114187538004764,"{0: 22, 1: 0, 2: 0, 3: 0, 4: 1}",1
474,False,"{'a': 0.5, 'e': 0.0573498899319395}",20,0,29.306970390727543,"{0: 20, 1: 0, 2: 0, 3: 0, 4: 0}",0
475,False,"{'a': 0.5, 'e': 0.05700579059234786}",20,11,5.895538470584141,"{0: 8, 1: 0, 2: 1, 3: 0, 4: 0}",1
476,False,"{'a': 0.5, 'e': 0.056663755848793775}",20,0,22.581207950424325,"{0: 19, 1: 1, 2: 0, 3: 0, 4: 0}",1
477,False,"{'a': 0.5, 'e': 0.05632377331370101}",25,3,34.94260789368641,"{0: 22, 1: 0, 2: 0, 3: 0, 4: 0}",1
478,False,"{'a': 0.5, 'e': 0.0559858306738188}",25,8,36.627174700180305,"{0: 17, 1: 0, 2: 0, 3: 0, 4: 0}",1
479,False,"{'a': 0.5, 'e': 0.05564991568977589}",20,13,11.561151267895927,"{0: 7, 1: 0, 2: 0, 3: 0, 4: 0}",1
480,False,"{'a': 0.5, 'e': 0.05531601619563723}",25,13,23.071531586148616,"{0: 12, 1: 0, 2: 0, 3: 0, 4: 0}",1
481,False,"{'a': 0.5, 'e': 0.05498412009846341}",20,15,11.611384445516991,"{0: 5, 1: 0, 2: 0, 3: 0, 4: 0}",1
482,False,"{'a': 0.5, 'e': 0.05465421537787263}",30,17,0.8445246232814463,"{0: 11, 1: 0, 2: 2, 3: 0, 4: 0}",1
483,False,"{'a': 0.5, 'e': 0.05432629008560539}",30,19,9.761854845320784,"{0: 10, 1: 0, 2: 1, 3: 0, 4: 0}",1
484,False,"{'a': 0.5, 'e': 0.05400033234509176}",20,16,7.617711606783282,"{0: 4, 1: 0, 2: 0, 3: 0, 4: 0}",1
485,False,"{'a': 0.5, 'e': 0.053676330351021206}",20,13,13.747389065993577,"{0: 7, 1: 0, 2: 0, 3: 0, 4: 0}",1
486,False,"{'a': 0.5, 'e': 0.05335427236891508}",30,21,18.084646385730508,"{0: 9, 1: 0, 2: 0, 3: 0, 4: 0}",1
487,False,"{'a': 0.5, 'e': 0.05303414673470159}",20,2,22.203888747062862,"{0: 17, 1: 1, 2: 0, 3: 0, 4: 0}",1
488,False,"{'a': 0.5, 'e': 0.05271594185429338}",20,16,7.837166495121949,"{0: 4, 1: 0, 2: 0, 3: 0, 4: 0}",1
489,False,"{'a': 0.5, 'e': 0.05239964620316762}",20,12,16.59436559194011,"{0: 8, 1: 0, 2: 0, 3: 0, 4: 0}",1
490,False,"{'a': 0.5, 'e': 0.052085248325948616}",20,11,16.905219996097802,"{0: 9, 1: 0, 2: 0, 3: 0, 4: 0}",1
491,False,"{'a': 0.5, 'e': 0.05177273683599292}",35,13,40.95060891963112,"{0: 22, 1: 0, 2: 0, 3: 0, 4: 0}",1
492,False,"{'a': 0.5, 'e': 0.051462100414976966}",35,14,27.210440190913925,"{0: 20, 1: 0, 2: 1, 3: 0, 4: 0}",1
493,False,"{'a': 0.5, 'e': 0.051153327812487104}",20,13,15.653465192907971,"{0: 7, 1: 0, 2: 0, 3: 0, 4: 0}",1
494,False,"{'a': 0.5, 'e': 0.05084640784561218}",20,10,18.49778185274936,"{0: 10, 1: 0, 2: 0, 3: 0, 4: 0}",1
495,False,"{'a': 0.5, 'e': 0.050541329398538504}",20,16,6.465493571503256,"{0: 4, 1: 0, 2: 0, 3: 0, 4: 0}",1
496,False,"{'a': 0.5, 'e': 0.05023808142214728}",20,13,11.962357091842797,"{0: 7, 1: 0, 2: 0, 3: 0, 4: 0}",1
497,False,"{'a': 0.5, 'e': 0.04993665293361439}",25,17,16.295683534559256,"{0: 8, 1: 0, 2: 0, 3: 0, 4: 0}",1
1,True,"{'a': 0, 'e': 0}",25,16,16.779141609962217,"{0: 9, 1: 0, 2: 0, 3: 0, 4: 0}",1
2,True,"{'a': 0, 'e': 0}",25,13,22.31683862345606,"{0: 12, 1: 0, 2: 0, 3: 0, 4: 0}",1
3,True,"{'a': 0, 'e': 0}",25,11,27.71827618691409,"{0: 14, 1: 0, 2: 0, 3: 0, 4: 0}",1
4,True,"{'a': 0, 'e': 0}",25,13,23.244527933183615,"{0: 12, 1: 0, 2: 0, 3: 0, 4: 0}",1
5,True,"{'a': 0, 'e': 0}",25,13,22.877300950028623,"{0: 12, 1: 0, 2: 0, 3: 0, 4: 0}",1
6,True,"{'a': 0, 'e': 0}",30,14,29.84049662914037,"{0: 16, 1: 0, 2: 0, 3: 0, 4: 0}",1
7,True,"{'a': 0, 'e': 0}",20,7,25.707761028585605,"{0: 13, 1: 0, 2: 0, 3: 0, 4: 0}",1
8,True,"{'a': 0, 'e': 0}",25,16,17.623084239838697,"{0: 9, 1: 0, 2: 0, 3: 0, 4: 0}",1
9,True,"{'a': 0, 'e': 0}",25,15,20.281377207881597,"{0: 10, 1: 0, 2: 0, 3: 0, 4: 0}",1
10,True,"{'a': 0, 'e': 0}",25,17,12.801892961592957,"{0: 8, 1: 0, 2: 0, 3: 0, 4: 0}",1
11,True,"{'a': 0, 'e': 0}",30,17,29.178400524948586,"{0: 13, 1: 0, 2: 0, 3: 0, 4: 0}",1
12,True,"{'a': 0, 'e': 0}",20,16,8.344951487937838,"{0: 4, 1: 0, 2: 0, 3: 0, 4: 0}",1
13,True,"{'a': 0, 'e': 0}",25,15,20.017492061684923,"{0: 10, 1: 0, 2: 0, 3: 0, 4: 0}",1
14,True,"{'a': 0, 'e': 0}",20,15,10.102300625679948,"{0: 5, 1: 0, 2: 0, 3: 0, 4: 0}",1
15,True,"{'a': 0, 'e': 0}",30,15,31.02245804510453,"{0: 15, 1: 0, 2: 0, 3: 0, 4: 0}",1
16,True,"{'a': 0, 'e': 0}",20,15,7.950947461434442,"{0: 5, 1: 0, 2: 0, 3: 0, 4: 0}",1
17,True,"{'a': 0, 'e': 0}",30,12,31.375518286442077,"{0: 18, 1: 0, 2: 0, 3: 0, 4: 0}",1
18,True,"{'a': 0, 'e': 0}",25,10,26.058192465525984,"{0: 15, 1: 0, 2: 0, 3: 0, 4: 0}",1
19,True,"{'a': 0, 'e': 0}",25,6,30.96924629818446,"{0: 19, 1: 0, 2: 0, 3: 0, 4: 0}",1
20,True,"{'a': 0, 'e': 0}",20,8,22.093521679415616,"{0: 12, 1: 0, 2: 0, 3: 0, 4: 0}",1
21,True,"{'a': 0, 'e': 0}",20,12,15.867469382945998,"{0: 8, 1: 0, 2: 0, 3: 0, 4: 0}",1
22,True,"{'a': 0, 'e': 0}",20,14,11.052187422216814,"{0: 6, 1: 0, 2: 0, 3: 0, 4: 0}",1
23,True,"{'a': 0, 'e': 0}",20,13,13.866352440423977,"{0: 7, 1: 0, 2: 0, 3: 0, 4: 0}",1
24,True,"{'a': 0, 'e': 0}",25,14,20.48438057180481,"{0: 11, 1: 0, 2: 0, 3: 0, 4: 0}",1
25,True,"{'a': 0, 'e': 0}",25,16,14.922799147942605,"{0: 9, 1: 0, 2: 0, 3: 0, 4: 0}",1
26,True,"{'a': 0, 'e': 0}",20,0,33.61017206047881,"{0: 20, 1: 0, 2: 0, 3: 0, 4: 0}",0
27,True,"{'a': 0, 'e': 0}",25,16,18.736221613814358,"{0: 9, 1: 0, 2: 0, 3: 0, 4: 0}",1
28,True,"{'a': 0, 'e': 0}",30,6,43.95853636056945,"{0: 24, 1: 0, 2: 0, 3: 0, 4: 0}",1
29,True,"{'a': 0, 'e': 0}",25,13,21.690249536590823,"{0: 12, 1: 0, 2: 0, 3: 0, 4: 0}",1
30,True,"{'a': 0, 'e': 0}",30,12,32.58156145720326,"{0: 18, 1: 0, 2: 0, 3: 0, 4: 0}",1
31,True,"{'a': 0, 'e': 0}",25,17,13.365147025929003,"{0: 8, 1: 0, 2: 0, 3: 0, 4: 0}",1
32,True,"{'a': 0, 'e': 0}",25,13,23.660037725812543,"{0: 12, 1: 0, 2: 0, 3: 0, 4: 0}",1
33,True,"{'a': 0, 'e': 0}",20,13,14.439360417731008,"{0: 7, 1: 0, 2: 0, 3: 0, 4: 0}",1
34,True,"{'a': 0, 'e': 0}",25,13,23.729479253963515,"{0: 12, 1: 0, 2: 0, 3: 0, 4: 0}",1
35,True,"{'a': 0, 'e': 0}",30,16,23.679952639382478,"{0: 14, 1: 0, 2: 0, 3: 0, 4: 0}",1
36,True,"{'a': 0, 'e': 0}",20,0,32.03633379710604,"{0: 20, 1: 0, 2: 0, 3: 0, 4: 0}",0
37,True,"{'a': 0, 'e': 0}",20,6,30.743002971530604,"{0: 14, 1: 0, 2: 0, 3: 0, 4: 0}",1
38,True,"{'a': 0, 'e': 0}",20,0,27.814206329801344,"{0: 20, 1: 0, 2: 0, 3: 0, 4: 0}",0
39,True,"{'a': 0, 'e': 0}",20,10,15.555303651226396,"{0: 10, 1: 0, 2: 0, 3: 0, 4: 0}",1
40,True,"{'a': 0, 'e': 0}",25,17,13.491255663363082,"{0: 8, 1: 0, 2: 0, 3: 0, 4: 0}",1
41,True,"{'a': 0, 'e': 0}",25,15,21.670836383504362,"{0: 10, 1: 0, 2: 0, 3: 0, 4: 0}",1
42,True,"{'a': 0, 'e': 0}",20,16,8.354426080263359,"{0: 4, 1: 0, 2: 0, 3: 0, 4: 0}",1
43,True,"{'a': 0, 'e': 0}",20,8,23.666402717661306,"{0: 12, 1: 0, 2: 0, 3: 0, 4: 0}",1
44,True,"{'a': 0, 'e': 0}",25,19,12.616849701812443,"{0: 6, 1: 0, 2: 0, 3: 0, 4: 0}",1
45,True,"{'a': 0, 'e': 0}",25,0,38.35221641901335,"{0: 25, 1: 0, 2: 0, 3: 0, 4: 0}",0
46,True,"{'a': 0, 'e': 0}",20,13,13.504775954198458,"{0: 7, 1: 0, 2: 0, 3: 0, 4: 0}",1
47,True,"{'a': 0, 'e': 0}",20,6,30.415109728576244,"{0: 14, 1: 0, 2: 0, 3: 0, 4: 0}",1
48,True,"{'a': 0, 'e': 0}",35,28,14.397923974871413,"{0: 7, 1: 0, 2: 0, 3: 0, 4: 0}",1
49,True,"{'a': 0, 'e': 0}",25,20,12.519138482898901,"{0: 5, 1: 0, 2: 0, 3: 0, 4: 0}",1
50,True,"{'a': 0, 'e': 0}",30,10,34.905908718865,"{0: 20, 1: 0, 2: 0, 3: 0, 4: 0}",1
51,True,"{'a': 0, 'e': 0}",30,21,18.635629620628062,"{0: 9, 1: 0, 2: 0, 3: 0, 4: 0}",1
52,True,"{'a': 0, 'e': 0}",20,12,17.861735012203773,"{0: 8, 1: 0, 2: 0, 3: 0, 4: 0}",1
53,True,"{'a': 0, 'e': 0}",20,10,17.21141984588426,"{0: 10, 1: 0, 2: 0, 3: 0, 4: 0}",1
54,True,"{'a': 0, 'e': 0}",20,12,14.175464331556961,"{0: 8, 1: 0, 2: 0, 3: 0, 4: 0}",1
55,True,"{'a': 0, 'e': 0}",20,7,19.977840495546506,"{0: 13, 1: 0, 2: 0, 3: 0, 4: 0}",1
56,True,"{'a': 0, 'e': 0}",20,12,17.084802236690088,"{0: 8, 1: 0, 2: 0, 3: 0, 4: 0}",1
57,True,"{'a': 0, 'e': 0}",35,26,17.9122488118778,"{0: 9, 1: 0, 2: 0, 3: 0, 4: 0}",1
58,True,"{'a': 0, 'e': 0}",20,11,18.175748535493597,"{0: 9, 1: 0, 2: 0, 3: 0, 4: 0}",1
59,True,"{'a': 0, 'e': 0}",35,17,32.60920379238886,"{0: 18, 1: 0, 2: 0, 3: 0, 4: 0}",1
60,True,"{'a': 0, 'e': 0}",25,13,18.26536571745466,"{0: 12, 1: 0, 2: 0, 3: 0, 4: 0}",1
61,True,"{'a': 0, 'e': 0}",25,15,21.334118348898343,"{0: 10, 1: 0, 2: 0, 3: 0, 4: 0}",1
62,True,"{'a': 0, 'e': 0}",20,9,17.963862650608917,"{0: 11, 1: 0, 2: 0, 3: 0, 4: 0}",1
63,True,"{'a': 0, 'e': 0}",20,7,27.206633740419996,"{0: 13, 1: 0, 2: 0, 3: 0, 4: 0}",1
64,True,"{'a': 0, 'e': 0}",25,1,41.52977222871032,"{0: 24, 1: 0, 2: 0, 3: 0, 4: 0}",1
65,True,"{'a': 0, 'e': 0}",20,12,14.838922546196445,"{0: 8, 1: 0, 2: 0, 3: 0, 4: 0}",1
66,True,"{'a': 0, 'e': 0}",25,19,13.425778036868811,"{0: 6, 1: 0, 2: 0, 3: 0, 4: 0}",1
67,True,"{'a': 0, 'e': 0}",30,21,18.215349510017326,"{0: 9, 1: 0, 2: 0, 3: 0, 4: 0}",1
68,True,"{'a': 0, 'e': 0}",25,15,20.58626534654907,"{0: 10, 1: 0, 2: 0, 3: 0, 4: 0}",1
69,True,"{'a': 0, 'e': 0}",30,18,22.99272472806636,"{0: 12, 1: 0, 2: 0, 3: 0, 4: 0}",1
70,True,"{'a': 0, 'e': 0}",20,12,13.87691183412953,"{0: 8, 1: 0, 2: 0, 3: 0, 4: 0}",1
71,True,"{'a': 0, 'e': 0}",30,16,25.497133216861005,"{0: 14, 1: 0, 2: 0, 3: 0, 4: 0}",1
72,True,"{'a': 0, 'e': 0}",30,13,29.58392471173607,"{0: 17, 1: 0, 2: 0, 3: 0, 4: 0}",1
73,True,"{'a': 0, 'e': 0}",20,13,12.271965895314866,"{0: 7, 1: 0, 2: 0, 3: 0, 4: 0}",1
74,True,"{'a': 0, 'e': 0}",30,24,13.34112816427767,"{0: 6, 1: 0, 2: 0, 3: 0, 4: 0}",1
75,True,"{'a': 0, 'e': 0}",35,12,44.77271497092258,"{0: 23, 1: 0, 2: 0, 3: 0, 4: 0}",1
76,True,"{'a': 0, 'e': 0}",20,5,30.49155345701228,"{0: 15, 1: 0, 2: 0, 3: 0, 4: 0}",1
77,True,"{'a': 0, 'e': 0}",20,9,21.09362191297455,"{0: 11, 1: 0, 2: 0, 3: 0, 4: 0}",1
78,True,"{'a': 0, 'e': 0}",20,15,8.641991217186934,"{0: 5, 1: 0, 2: 0, 3: 0, 4: 0}",1
79,True,"{'a': 0, 'e': 0}",20,13,12.248027481187734,"{0: 7, 1: 0, 2: 0, 3: 0, 4: 0}",1
80,True,"{'a': 0, 'e': 0}",20,7,22.567635310226112,"{0: 13, 1: 0, 2: 0, 3: 0, 4: 0}",1
81,True,"{'a': 0, 'e': 0}",25,17,15.370222923952998,"{0: 8, 1: 0, 2: 0, 3: 0, 4: 0}",1
82,True,"{'a': 0, 'e': 0}",20,9,20.208655588813443,"{0: 11, 1: 0, 2: 0, 3: 0, 4: 0}",1
83,True,"{'a': 0, 'e': 0}",20,11,16.128415175079926,"{0: 9, 1: 0, 2: 0, 3: 0, 4: 0}",1
84,True,"{'a': 0, 'e': 0}",20,6,27.17657625564018,"{0: 14, 1: 0, 2: 0, 3: 0, 4: 0}",1
85,True,"{'a': 0, 'e': 0}",25,14,19.321214626494662,"{0: 11, 1: 0, 2: 0, 3: 0, 4: 0}",1
86,True,"{'a': 0, 'e': 0}",20,3,31.22782679520504,"{0: 17, 1: 0, 2: 0, 3: 0, 4: 0}",1
87,True,"{'a': 0, 'e': 0}",25,15,20.794704097281585,"{0: 10, 1: 0, 2: 0, 3: 0, 4: 0}",1
88,True,"{'a': 0, 'e': 0}",30,16,26.889490903270847,"{0: 14, 1: 0, 2: 0, 3: 0, 4: 0}",1
89,True,"{'a': 0, 'e': 0}",30,13,33.45543013687151,"{0: 17, 1: 0, 2: 0, 3: 0, 4: 0}",1
90,True,"{'a': 0, 'e': 0}",20,13,16.065364815154005,"{0: 7, 1: 0, 2: 0, 3: 0, 4: 0}",1
91,True,"{'a': 0, 'e': 0}",20,15,9.39107492002272,"{0: 5, 1: 0, 2: 0, 3: 0, 4: 0}",1
92,True,"{'a': 0, 'e': 0}",25,16,18.66691884505679,"{0: 9, 1: 0, 2: 0, 3: 0, 4: 0}",1
93,True,"{'a': 0, 'e': 0}",20,0,33.815616143330125,"{0: 20, 1: 0, 2: 0, 3: 0, 4: 0}",0
94,True,"{'a': 0, 'e': 0}",20,8,23.504918835624547,"{0: 12, 1: 0, 2: 0, 3: 0, 4: 0}",1
95,True,"{'a': 0, 'e': 0}",30,7,41.373727894100355,"{0: 23, 1: 0, 2: 0, 3: 0, 4: 0}",1
96,True,"{'a': 0, 'e': 0}",25,12,22.214903268270735,"{0: 13, 1: 0, 2: 0, 3: 0, 4: 0}",1
97,True,"{'a': 0, 'e': 0}",25,8,29.550913584731106,"{0: 17, 1: 0, 2: 0, 3: 0, 4: 0}",1
98,True,"{'a': 0, 'e': 0}",20,14,10.86796395997114,"{0: 6, 1: 0, 2: 0, 3: 0, 4: 0}",1
99,True,"{'a': 0, 'e': 0}",30,21,16.86663284870448,"{0: 9, 1: 0, 2: 0, 3: 0, 4: 0}",1
100,True,"{'a': 0, 'e': 0}",25,17,13.54652311880516,"{0: 8, 1: 0, 2: 0, 3: 0, 4: 0}",1
